0,0,0,0,0,0,0,0,0,0,0,0,0,0,0,0,0,0,0,0,0.000456829602558246,0.000456829602558246,0.000456829602558246,0.000913659205116491,0.000913659205116491,0.000913659205116491,0.000913659205116491,0.000913659205116491,0.000913659205116491,0.000913659205116491,0.000913659205116491,0.000913659205116491,0.000913659205116491,0.00182731841023298,0.00182731841023298,0.00182731841023298,0.00182731841023298,0.00182731841023298,0.00182731841023298,0.00182731841023298,0.00228414801279123,0.00228414801279123,0.00228414801279123,0.00228414801279123,0.00228414801279123,0.00319780721790772,0.00319780721790772,0.00319780721790772,0.00319780721790772,0.00365463682046596,0.00456829602558246,0.00456829602558246,0.0050251256281407,0.00548195523069895,0.00548195523069895,0.00593878483325719,0.00593878483325719,0.00639561443581544,0.00639561443581544,0.00639561443581544,0.00639561443581544,0.00639561443581544,0.00685244403837369,0.00685244403837369,0.00730927364093193,0.00776610324349018,0.00913659205116492,0.0100502512562814,0.0109639104613979,0.0123343992690726,0.0150753768844221,0.0210141617176793,0.02603928734582,0.0351758793969849,0.0456829602558246,0.0580173595248972,0.0740063956144358,0.0959342165372316,0.132480584741891,0.203289173138419,0.281863864778438,0.383736866148926,0.520328917313842,0.664687071722248,0.788487894015532,0.89310187300137,0.956144358154408,0.991320237551393,0.999543170397442,1,1,1,1,1,1,1,1,1,1,1,1,-17,-14.0974637681159,-25.65,8.65000000000001,2.90253623188406
0,0,0,0,0,0,0,0,0,0,0,0,0,0,0.000636132315521629,0.000636132315521629,0.000636132315521629,0.00508905852417303,0.00572519083969466,0.00572519083969466,0.00572519083969466,0.00572519083969466,0.00572519083969466,0.00636132315521629,0.00636132315521629,0.00763358778625954,0.00826972010178117,0.00826972010178117,0.00826972010178117,0.00826972010178117,0.00826972010178117,0.0089058524173028,0.00954198473282443,0.00954198473282443,0.00954198473282443,0.00954198473282443,0.00954198473282443,0.00954198473282443,0.00954198473282443,0.0101781170483461,0.0101781170483461,0.0101781170483461,0.0101781170483461,0.0101781170483461,0.0101781170483461,0.0108142493638677,0.0108142493638677,0.0108142493638677,0.0114503816793893,0.0114503816793893,0.0133587786259542,0.0139949109414758,0.0139949109414758,0.0152671755725191,0.0152671755725191,0.0159033078880407,0.0159033078880407,0.0159033078880407,0.017175572519084,0.017175572519084,0.017175572519084,0.0184478371501272,0.0184478371501272,0.0184478371501272,0.0190839694656489,0.0209923664122137,0.0216284987277354,0.022264631043257,0.0229007633587786,0.0267175572519084,0.0311704834605598,0.0337150127226463,0.0413486005089059,0.0438931297709924,0.0483460559796438,0.0604325699745547,0.0776081424936387,0.10559796437659,0.141221374045802,0.194020356234097,0.244910941475827,0.30470737913486,0.409033078880407,0.540712468193384,0.681297709923664,0.809796437659033,0.902671755725191,0.957379134860051,0.984096692111959,0.995547073791349,0.999363867684478,1,1,1,1,1,1,1,1,1,1,-16,-13.1348837209302,-25.8631578947368,9.86315789473684,2.86511627906977
0,0,0,0,0.000664010624169987,0.000664010624169987,0.000664010624169987,0.000664010624169987,0.000664010624169987,0.000664010624169987,0.000664010624169987,0.000664010624169987,0.00132802124833997,0.00132802124833997,0.00132802124833997,0.00199203187250996,0.00199203187250996,0.00199203187250996,0.00199203187250996,0.00199203187250996,0.00265604249667995,0.00265604249667995,0.00265604249667995,0.00398406374501992,0.00398406374501992,0.00464807436918991,0.00597609561752988,0.00730411686586985,0.00730411686586985,0.00730411686586985,0.00796812749003984,0.00796812749003984,0.00796812749003984,0.00796812749003984,0.00863213811420983,0.0099601593625498,0.0099601593625498,0.0119521912350598,0.0119521912350598,0.0126162018592297,0.0126162018592297,0.0139442231075697,0.0139442231075697,0.0146082337317397,0.0146082337317397,0.0159362549800797,0.0166002656042497,0.0172642762284197,0.0179282868525896,0.0192563081009296,0.0199203187250996,0.0212483399734396,0.0212483399734396,0.0212483399734396,0.0212483399734396,0.0219123505976096,0.0232403718459495,0.0252324037184595,0.0258964143426295,0.0272244355909694,0.0292164674634794,0.0298804780876494,0.0305444887118194,0.0318725099601593,0.0325365205843293,0.0345285524568393,0.0358565737051793,0.0371845949535192,0.0391766268260292,0.0405046480743692,0.0405046480743692,0.0458167330677291,0.047808764940239,0.0564409030544488,0.0664010624169987,0.0743691899070385,0.0849933598937583,0.103585657370518,0.127490039840637,0.163346613545817,0.219123505976096,0.295484727755644,0.387782204515272,0.50597609561753,0.643426294820717,0.775564409030544,0.880478087649402,0.958831341301461,0.99003984063745,0.99867197875166,1,1,1,1,1,1,1,1,1,1,1,-16,-13.1127118644068,-27.7461538461538,11.7461538461538,2.88728813559322
0,0,0,0,0,0,0,0,0,0,0,0,0,0,0,0,0,0.000909090909090909,0.000909090909090909,0.00181818181818182,0.00181818181818182,0.00272727272727273,0.00363636363636364,0.00454545454545455,0.00454545454545455,0.00545454545454545,0.00545454545454545,0.00636363636363636,0.00636363636363636,0.00636363636363636,0.00727272727272727,0.00818181818181818,0.00909090909090909,0.01,0.0109090909090909,0.0118181818181818,0.0118181818181818,0.0118181818181818,0.0127272727272727,0.0136363636363636,0.0136363636363636,0.0163636363636364,0.0163636363636364,0.0172727272727273,0.0181818181818182,0.0190909090909091,0.0190909090909091,0.02,0.0209090909090909,0.0209090909090909,0.0218181818181818,0.0218181818181818,0.0227272727272727,0.0236363636363636,0.0236363636363636,0.0245454545454545,0.0245454545454545,0.0263636363636364,0.0272727272727273,0.0281818181818182,0.0281818181818182,0.03,0.0318181818181818,0.0318181818181818,0.0327272727272727,0.0345454545454545,0.0345454545454545,0.04,0.0418181818181818,0.0436363636363636,0.0472727272727273,0.0509090909090909,0.0581818181818182,0.0627272727272727,0.07,0.0818181818181818,0.0981818181818182,0.121818181818182,0.145454545454545,0.184545454545455,0.243636363636364,0.318181818181818,0.384545454545455,0.49,0.633636363636364,0.778181818181818,0.915454545454546,0.977272727272727,0.998181818181818,0.999090909090909,1,1,1,1,1,1,1,1,1,1,1,-15,-13.4411764705882,-29.25,14.25,1.55882352941177
0,0,0,0,0,0,0,0.000375516334960571,0.000375516334960571,0.000375516334960571,0.000375516334960571,0.000751032669921142,0.000751032669921142,0.000751032669921142,0.000751032669921142,0.00112654900488171,0.00150206533984228,0.00300413067968457,0.00337964701464514,0.00337964701464514,0.00375516334960571,0.00450619601952685,0.00488171235448742,0.00488171235448742,0.00488171235448742,0.00488171235448742,0.00488171235448742,0.00525722868944799,0.00525722868944799,0.00525722868944799,0.00563274502440856,0.00563274502440856,0.0063837776943297,0.0063837776943297,0.0063837776943297,0.00675929402929027,0.00675929402929027,0.00675929402929027,0.00713481036425084,0.00713481036425084,0.00788584303417199,0.00863687570409313,0.00863687570409313,0.0090123920390537,0.0090123920390537,0.00938790837401427,0.00976342470897484,0.0101389410439354,0.010514457378896,0.010514457378896,0.0108899737138566,0.0120165227187383,0.0123920390536988,0.0123920390536988,0.01314307172362,0.0138941043935411,0.0138941043935411,0.0146451370634623,0.0153961697333834,0.015771686068344,0.0165227187382651,0.0172737514081863,0.0180247840781074,0.0195268494179497,0.021028914757792,0.0229064964325948,0.0247840781073977,0.0277882087870822,0.0311678558017274,0.0337964701464514,0.0386781825009388,0.0465640255351108,0.0548253849042433,0.0687194892977845,0.0938790837401427,0.128426586556515,0.167104769057454,0.2238077356365,0.304543747653023,0.403680060082614,0.497934660157717,0.595568907247465,0.693578670672174,0.802102891475779,0.904243334585055,0.962072850168982,0.987232444611341,0.995493803980473,0.998497934660158,0.999248967330079,1,1,1,1,1,1,1,1,1,1,1,-17,-15.2087662337662,-28.5840909090909,11.5840909090909,1.79123376623376
0,0,0,0,0,0,0,0,0,0,0,0,0,0,0.000643500643500643,0.00321750321750322,0.0353925353925354,0.037966537966538,0.0386100386100386,0.0386100386100386,0.0386100386100386,0.0386100386100386,0.0386100386100386,0.0386100386100386,0.0392535392535393,0.0392535392535393,0.0392535392535393,0.0392535392535393,0.0392535392535393,0.0392535392535393,0.0392535392535393,0.0392535392535393,0.0398970398970399,0.0398970398970399,0.0398970398970399,0.0398970398970399,0.0398970398970399,0.0405405405405406,0.0405405405405406,0.0411840411840412,0.0411840411840412,0.0411840411840412,0.0411840411840412,0.0418275418275419,0.0418275418275419,0.0418275418275419,0.0418275418275419,0.0418275418275419,0.0424710424710425,0.0431145431145431,0.0431145431145431,0.0431145431145431,0.0437580437580438,0.0437580437580438,0.0437580437580438,0.0437580437580438,0.0437580437580438,0.0444015444015444,0.0444015444015444,0.0450450450450451,0.0463320463320464,0.0463320463320464,0.0463320463320464,0.0463320463320464,0.046975546975547,0.046975546975547,0.0476190476190477,0.0476190476190477,0.0482625482625483,0.0482625482625483,0.0482625482625483,0.048906048906049,0.0501930501930502,0.0501930501930502,0.0508365508365509,0.0514800514800515,0.0527670527670528,0.0585585585585586,0.0656370656370657,0.084942084942085,0.12033462033462,0.167953667953668,0.238738738738739,0.335907335907336,0.458815958815959,0.594594594594595,0.740669240669241,0.852638352638353,0.932432432432432,0.971685971685972,0.992921492921493,0.998069498069498,1,1,1,1,1,1,1,1,1,-14,-11.5524590163934,-28.15,14.15,2.44754098360656
0,0,0,0,0,0,0,0,0,0,0,0,0,0,0,0,0,0,0,0,0,0,0,0,0,0,0,0,0,0,0,0,0,0,0,0,0,0,0,0,0,0,0,0,0,0,0,0.000245639891918448,0.00122819945959224,0.00147383935151069,0.00171947924342913,0.00343895848685827,0.00540407762220585,0.00638663718987964,0.00786047654139032,0.0110537951363301,0.0140014738393515,0.0174404323262098,0.0206337509211496,0.0255465487595185,0.030213706705969,0.0383198231392778,0.0459346597887497,0.0525669368705478,0.063129452223041,0.0727094080078605,0.081798084008843,0.0948169982805207,0.109801031687546,0.127978383689511,0.145173176123803,0.163350528125768,0.186195038074183,0.210267747482191,0.236551215917465,0.263080324244657,0.298452468680914,0.339474330631295,0.374355195283714,0.421518054532056,0.476787030213707,0.541635961680177,0.605747973470892,0.688528617047409,0.773274379759273,0.854826823876198,0.914271677720462,0.954556619995087,0.980103168754606,0.988700564971752,0.99533284205355,0.997789240972734,0.998771800540408,1,1,1,1,1,1,1,1,-16,-13.1131097560976,-37.387037037037,21.387037037037,2.88689024390243
0,0,0,0,0,0,0,0,0,0,0,0,0,0,0,0.00211416490486258,0.00211416490486258,0.00281888653981677,0.00281888653981677,0.00281888653981677,0.00281888653981677,0.00281888653981677,0.00281888653981677,0.00352360817477097,0.00352360817477097,0.00352360817477097,0.00493305144467935,0.00493305144467935,0.00493305144467935,0.00493305144467935,0.00563777307963354,0.00563777307963354,0.00634249471458774,0.00634249471458774,0.00775193798449612,0.00845665961945032,0.00845665961945032,0.00845665961945032,0.00916138125440451,0.00916138125440451,0.00916138125440451,0.0098661028893587,0.0098661028893587,0.0105708245243129,0.0112755461592671,0.0112755461592671,0.0119802677942213,0.0119802677942213,0.0119802677942213,0.0133897110641297,0.0133897110641297,0.0147991543340381,0.0155038759689923,0.0162085976039464,0.0162085976039464,0.0169133192389006,0.0176180408738548,0.0190274841437632,0.0211416490486258,0.02184637068358,0.025369978858351,0.0267794221282593,0.0317124735729387,0.0345313601127555,0.0415785764622974,0.0465116279069768,0.0528541226215645,0.0606060606060606,0.0704721634954193,0.0831571529245948,0.100070472163495,0.116983791402396,0.141649048625793,0.163495419309373,0.190274841437632,0.221987315010571,0.261451726568006,0.310782241014799,0.354474982381959,0.404510218463707,0.45877378435518,0.527836504580691,0.619450317124736,0.733615221987315,0.868217054263566,0.95630725863284,0.994362226920366,1,1,1,1,1,1,1,1,1,1,1,1,1,1,-16,-15.0716,-34.45,18.45,0.928399999999996
0,0,0,0,0.000765110941086458,0.000765110941086458,0.000765110941086458,0.000765110941086458,0.000765110941086458,0.000765110941086458,0.000765110941086458,0.000765110941086458,0.000765110941086458,0.000765110941086458,0.000765110941086458,0.000765110941086458,0.000765110941086458,0.000765110941086458,0.000765110941086458,0.000765110941086458,0.000765110941086458,0.000765110941086458,0.000765110941086458,0.000765110941086458,0.000765110941086458,0.000765110941086458,0.000765110941086458,0.000765110941086458,0.000765110941086458,0.000765110941086458,0.000765110941086458,0.000765110941086458,0.000765110941086458,0.000765110941086458,0.000765110941086458,0.000765110941086458,0.000765110941086458,0.000765110941086458,0.000765110941086458,0.000765110941086458,0.000765110941086458,0.000765110941086458,0.000765110941086458,0.000765110941086458,0.000765110941086458,0.000765110941086458,0.000765110941086458,0.000765110941086458,0.000765110941086458,0.00153022188217292,0.00153022188217292,0.00153022188217292,0.00153022188217292,0.00153022188217292,0.00153022188217292,0.00153022188217292,0.00153022188217292,0.00153022188217292,0.00153022188217292,0.00153022188217292,0.00153022188217292,0.00153022188217292,0.00153022188217292,0.00153022188217292,0.00229533282325937,0.00229533282325937,0.00229533282325937,0.00229533282325937,0.00229533282325937,0.00229533282325937,0.00306044376434583,0.00306044376434583,0.00459066564651875,0.0053557765876052,0.00765110941086458,0.00994644223412395,0.0122417750573833,0.0160673297628156,0.0260137719969396,0.0321346595256312,0.053557765876052,0.0765110941086458,0.114766641162969,0.175975516449885,0.289977046671767,0.439938791124713,0.608263198163734,0.75592960979342,0.872991583779648,0.960979342004591,0.993879112471308,0.998469778117827,1,1,1,1,1,1,1,1,1,-14,-11.1247826086957,-20.1660714285714,6.16607142857143,2.87521739130435
0,0,0,0,0,0,0,0,0,0,0,0,0,0,0,0,0,0,0,0,0,0,0,0,0,0,0,0,0,0,0,0,0,0,0.00054525627044711,0.00054525627044711,0.00054525627044711,0.00054525627044711,0.00054525627044711,0.00054525627044711,0.00054525627044711,0.00054525627044711,0.00109051254089422,0.00109051254089422,0.00109051254089422,0.00109051254089422,0.00109051254089422,0.00109051254089422,0.00109051254089422,0.00109051254089422,0.00163576881134133,0.00163576881134133,0.00218102508178844,0.00272628135223555,0.00327153762268266,0.00381679389312977,0.00436205016357688,0.00436205016357688,0.0054525627044711,0.00599781897491821,0.00599781897491821,0.00654307524536532,0.00708833151581243,0.00817884405670665,0.00817884405670665,0.00926935659760087,0.0103598691384951,0.0141766630316249,0.0152671755725191,0.0152671755725191,0.0152671755725191,0.0169029443838604,0.0179934569247546,0.0207197382769902,0.0234460196292257,0.0278080697928026,0.0376226826608506,0.0474372955288986,0.0703380588876772,0.105779716466739,0.164667393675027,0.249182115594329,0.335332606324973,0.456379498364231,0.617230098146129,0.777535441657579,0.88113413304253,0.957470010905126,0.986913849509269,0.997818974918212,1,1,1,1,1,1,1,1,1,1,1,-16,-13.0978571428572,-22.8880952380952,6.88809523809523,2.90214285714285
0,0,0,0,0,0,0,0,0,0.00078125,0.00078125,0.00078125,0.00078125,0.00078125,0.0015625,0.0015625,0.0015625,0.0015625,0.0015625,0.0015625,0.003125,0.003125,0.003125,0.003125,0.003125,0.00390625,0.00390625,0.0046875,0.0046875,0.00546875,0.00546875,0.00625,0.00703125,0.00703125,0.0078125,0.0078125,0.0078125,0.009375,0.009375,0.01015625,0.01015625,0.01171875,0.0125,0.0140625,0.01484375,0.01640625,0.0171875,0.01796875,0.01796875,0.01796875,0.0203125,0.0203125,0.021875,0.02421875,0.028125,0.03125,0.03203125,0.03515625,0.03671875,0.0390625,0.03984375,0.04140625,0.04140625,0.0453125,0.0515625,0.05390625,0.06015625,0.06328125,0.06875,0.0703125,0.07734375,0.07890625,0.08203125,0.0875,0.09453125,0.10234375,0.11015625,0.1171875,0.125,0.1390625,0.16953125,0.20859375,0.290625,0.3921875,0.5546875,0.79140625,0.9484375,0.99453125,1,1,1,1,1,1,1,1,1,1,1,1,1,-15,-13.9661016949153,-36.25,21.25,1.03389830508475
0,0,0,0,0,0,0,0,0,0,0,0,0,0,0,0,0,0,0,0,0,0,0,0,0,0,0,0,0,0,0,0,0,0,0,0,0,0,0,0,0,0,0,0,0,0,0,0,0,0.000970402717127608,0.000970402717127608,0.00145560407569141,0.00145560407569141,0.00145560407569141,0.00194080543425522,0.00194080543425522,0.00242600679281902,0.00242600679281902,0.00339640950994663,0.00339640950994663,0.00388161086851043,0.00485201358563804,0.00582241630276565,0.00727802037845706,0.00776322173702086,0.00776322173702086,0.00970402717127608,0.0121300339640951,0.0150412421154779,0.0208636584182436,0.0305676855895197,0.0441533236293062,0.0640465793304221,0.091703056768559,0.146530810286269,0.206210577389617,0.291606016496846,0.394953905870936,0.517224648229015,0.639980591945658,0.74866569626395,0.853954391072295,0.91072295002426,0.95536147501213,0.980591945657448,0.995147986414362,0.999029597282872,1,1,1,1,1,1,1,1,1,1,1,1,1,1,-21,-17.1201086956522,-28.7060975609756,7.70609756097561,3.87989130434782
0,0,0,0.000555864369093941,0.000555864369093941,0.000555864369093941,0.000555864369093941,0.000555864369093941,0.000555864369093941,0.000555864369093941,0.000555864369093941,0.000555864369093941,0.000555864369093941,0.000555864369093941,0.000555864369093941,0.000555864369093941,0.000555864369093941,0.000555864369093941,0.000555864369093941,0.000555864369093941,0.000555864369093941,0.000555864369093941,0.000555864369093941,0.000555864369093941,0.000555864369093941,0.000555864369093941,0.000555864369093941,0.000555864369093941,0.000555864369093941,0.000555864369093941,0.000555864369093941,0.000555864369093941,0.000555864369093941,0.000555864369093941,0.000555864369093941,0.000555864369093941,0.000555864369093941,0.000555864369093941,0.000555864369093941,0.000555864369093941,0.000555864369093941,0.000555864369093941,0.000555864369093941,0.000555864369093941,0.000555864369093941,0.000555864369093941,0.000555864369093941,0.000555864369093941,0.000555864369093941,0.000555864369093941,0.000555864369093941,0.000555864369093941,0.00111172873818788,0.00111172873818788,0.00111172873818788,0.00111172873818788,0.00111172873818788,0.00111172873818788,0.00166759310728182,0.00500277932184547,0.00667037242912729,0.00833796553640912,0.00833796553640912,0.00833796553640912,0.00889382990550306,0.00889382990550306,0.00889382990550306,0.00889382990550306,0.00889382990550306,0.009449694274597,0.009449694274597,0.0105614230127849,0.0122290161200667,0.0144524735964425,0.018899388549194,0.0227904391328516,0.0333518621456365,0.0411339633129516,0.0533629794330183,0.0672595886603669,0.0894941634241245,0.121178432462479,0.169538632573652,0.217342968315731,0.280155642023346,0.351306281267371,0.434130072262368,0.528071150639244,0.605892162312396,0.68260144524736,0.763201778765981,0.832684824902724,0.887715397443024,0.938299055030573,0.978321289605336,1,1,1,1,1,1,-13,-6.70763888888889,-22.275,9.27500000000001,6.29236111111111
0,0,0.000610500610500611,0.000610500610500611,0.000610500610500611,0.00122100122100122,0.00122100122100122,0.00122100122100122,0.00122100122100122,0.00122100122100122,0.00183150183150183,0.00183150183150183,0.00183150183150183,0.00244200244200244,0.00366300366300366,0.00366300366300366,0.00366300366300366,0.00366300366300366,0.00366300366300366,0.00427350427350427,0.00427350427350427,0.00427350427350427,0.00488400488400488,0.00610500610500611,0.00610500610500611,0.00610500610500611,0.00610500610500611,0.00610500610500611,0.00732600732600733,0.00732600732600733,0.00793650793650794,0.00854700854700855,0.00854700854700855,0.00915750915750916,0.00915750915750916,0.00976800976800977,0.00976800976800977,0.0103785103785104,0.010989010989011,0.0122100122100122,0.0122100122100122,0.0128205128205128,0.0128205128205128,0.014041514041514,0.0146520146520147,0.0158730158730159,0.0158730158730159,0.0170940170940171,0.0183150183150183,0.0189255189255189,0.0195360195360195,0.0201465201465201,0.0213675213675214,0.021978021978022,0.0231990231990232,0.0231990231990232,0.0244200244200244,0.0262515262515263,0.0280830280830281,0.0293040293040293,0.0293040293040293,0.0311355311355311,0.0323565323565324,0.0323565323565324,0.0347985347985348,0.0384615384615385,0.0390720390720391,0.0409035409035409,0.0451770451770452,0.0476190476190476,0.0488400488400488,0.0555555555555556,0.0598290598290598,0.0616605616605617,0.0665445665445665,0.0695970695970696,0.0757020757020757,0.0818070818070818,0.0952380952380953,0.120879120879121,0.165445665445665,0.222222222222222,0.268620268620269,0.327228327228327,0.397435897435897,0.530525030525031,0.721001221001221,0.877289377289377,0.978632478632479,0.997557997557998,1,1,1,1,1,1,1,1,1,1,1,-14,-12.2825301204819,-29.8272727272727,15.8272727272727,1.71746987951808
0,0,0,0,0,0,0,0,0,0,0,0,0,0,0,0,0,0.000623441396508728,0.000623441396508728,0.000623441396508728,0.000623441396508728,0.000623441396508728,0.000623441396508728,0.000623441396508728,0.000623441396508728,0.000623441396508728,0.00124688279301746,0.00124688279301746,0.00124688279301746,0.00124688279301746,0.00187032418952618,0.00187032418952618,0.00187032418952618,0.00187032418952618,0.00187032418952618,0.00249376558603491,0.00249376558603491,0.00249376558603491,0.00249376558603491,0.00311720698254364,0.00374064837905237,0.00374064837905237,0.00374064837905237,0.0043640897755611,0.0043640897755611,0.00498753117206983,0.00498753117206983,0.00561097256857856,0.00623441396508728,0.00810473815461347,0.00810473815461347,0.00935162094763093,0.00935162094763093,0.00997506234413965,0.0112219451371571,0.0118453865336658,0.0130922693266833,0.013715710723192,0.013715710723192,0.0143391521197008,0.0149625935162095,0.0149625935162095,0.0155860349127182,0.0162094763092269,0.0187032418952618,0.0218204488778055,0.0280548628428928,0.0392768079800499,0.0529925187032419,0.0660847880299252,0.0866583541147132,0.107231920199501,0.123441396508728,0.143391521197008,0.162094763092269,0.184538653366584,0.217581047381546,0.262468827930175,0.321695760598504,0.411471321695761,0.523067331670823,0.638403990024938,0.756857855361596,0.846009975062344,0.910224438902743,0.956982543640898,0.988154613466334,0.99501246882793,0.999376558603491,1,1,1,1,1,1,1,1,1,1,1,1,-18,-15.1493333333333,-32.2181818181818,14.2181818181818,2.85066666666667
0,0,0,0,0,0.000754716981132075,0.000754716981132075,0.00226415094339623,0.00226415094339623,0.00226415094339623,0.00226415094339623,0.0030188679245283,0.0030188679245283,0.00528301886792453,0.00528301886792453,0.00528301886792453,0.00528301886792453,0.00528301886792453,0.00528301886792453,0.00528301886792453,0.00528301886792453,0.00528301886792453,0.00528301886792453,0.0060377358490566,0.0060377358490566,0.0060377358490566,0.0060377358490566,0.0060377358490566,0.0060377358490566,0.0060377358490566,0.0060377358490566,0.0060377358490566,0.0060377358490566,0.0060377358490566,0.0060377358490566,0.0060377358490566,0.0060377358490566,0.0060377358490566,0.0060377358490566,0.0060377358490566,0.0060377358490566,0.00679245283018868,0.00679245283018868,0.00754716981132075,0.00754716981132075,0.00830188679245283,0.00830188679245283,0.00905660377358491,0.00905660377358491,0.00981132075471698,0.00981132075471698,0.0105660377358491,0.0113207547169811,0.0113207547169811,0.0113207547169811,0.0120754716981132,0.0135849056603774,0.0135849056603774,0.0143396226415094,0.0143396226415094,0.0143396226415094,0.0150943396226415,0.0150943396226415,0.0166037735849057,0.0173584905660377,0.0188679245283019,0.0188679245283019,0.0188679245283019,0.0188679245283019,0.0218867924528302,0.0233962264150943,0.0241509433962264,0.0256603773584906,0.0264150943396226,0.0294339622641509,0.0332075471698113,0.0392452830188679,0.0452830188679245,0.0588679245283019,0.0883018867924528,0.150943396226415,0.231698113207547,0.358490566037736,0.569056603773585,0.795471698113208,0.970566037735849,1,1,1,1,1,1,1,1,1,1,1,1,1,1,1,-16,-15.1174568965517,-22.6527777777778,6.65277777777777,0.88254310344827
0,0,0,0,0,0.000690131124913734,0.000690131124913734,0.000690131124913734,0.000690131124913734,0.000690131124913734,0.000690131124913734,0.000690131124913734,0.000690131124913734,0.000690131124913734,0.000690131124913734,0.000690131124913734,0.000690131124913734,0.000690131124913734,0.000690131124913734,0.000690131124913734,0.000690131124913734,0.000690131124913734,0.000690131124913734,0.000690131124913734,0.000690131124913734,0.000690131124913734,0.000690131124913734,0.000690131124913734,0.00138026224982747,0.00138026224982747,0.00138026224982747,0.00138026224982747,0.00138026224982747,0.00138026224982747,0.00138026224982747,0.00138026224982747,0.00138026224982747,0.00138026224982747,0.00138026224982747,0.00138026224982747,0.00138026224982747,0.00138026224982747,0.00138026224982747,0.00138026224982747,0.00138026224982747,0.00138026224982747,0.00138026224982747,0.00138026224982747,0.00138026224982747,0.00138026224982747,0.00138026224982747,0.00138026224982747,0.00138026224982747,0.0041407867494824,0.00690131124913734,0.0124223602484472,0.0151828847481021,0.0165631469979296,0.0172532781228433,0.0179434092477571,0.020703933747412,0.0227743271221532,0.0227743271221532,0.0234644582470669,0.0248447204968944,0.0282953761214631,0.0324361628709455,0.0358868184955141,0.041407867494824,0.0483091787439614,0.0538302277432712,0.064872325741891,0.0821256038647343,0.102139406487233,0.124223602484472,0.171152518978606,0.218771566597654,0.276052449965493,0.349896480331263,0.422360248447205,0.532781228433402,0.649413388543823,0.770876466528641,0.857142857142857,0.936507936507937,0.971704623878537,0.99447895100069,0.997929606625259,0.999309868875086,1,1,1,1,1,1,1,1,1,1,1,1,-18,-15.6166666666667,-30.69375,12.69375,2.38333333333333
0,0,0,0,0,0.00074019245003701,0.00074019245003701,0.00074019245003701,0.00074019245003701,0.00148038490007402,0.00148038490007402,0.00148038490007402,0.00148038490007402,0.00296076980014804,0.00296076980014804,0.00370096225018505,0.00370096225018505,0.00370096225018505,0.00370096225018505,0.00444115470022206,0.00444115470022206,0.00444115470022206,0.00518134715025907,0.00518134715025907,0.00518134715025907,0.00518134715025907,0.00666173205033309,0.0074019245003701,0.00814211695040711,0.00814211695040711,0.00888230940044412,0.00888230940044412,0.00888230940044412,0.00888230940044412,0.00962250185048113,0.0103626943005181,0.0111028867505551,0.0118430792005922,0.0118430792005922,0.0125832716506292,0.0133234641006662,0.0140636565507032,0.0155440414507772,0.0155440414507772,0.0162842339008142,0.0192450037009623,0.0214655810510733,0.0214655810510733,0.0229459659511473,0.0236861584011843,0.0236861584011843,0.0236861584011843,0.0244263508512213,0.0266469282013323,0.0281273131014064,0.0296076980014804,0.0303478904515174,0.0325684678016284,0.0333086602516654,0.0340488527017024,0.0355292376017765,0.0384900074019245,0.0392301998519615,0.0414507772020725,0.0436713545521836,0.0451517394522576,0.0466321243523316,0.0495928941524796,0.0518134715025907,0.0532938564026647,0.0547742413027387,0.0562546262028127,0.0577350111028867,0.0592153960029608,0.0629163582531458,0.0658771280532938,0.0725388601036269,0.076980014803849,0.0925240562546262,0.110288675055514,0.139896373056995,0.205033308660252,0.303478904515174,0.450037009622502,0.663952627683198,0.859363434492968,0.968911917098446,0.995558845299778,1,1,1,1,1,1,1,1,1,1,1,1,1,-16,-14.1726351351351,-32.8166666666667,16.8166666666667,1.82736486486486
0,0,0,0,0,0,0,0,0,0,0,0,0,0,0,0,0,0,0,0,0,0,0,0.00126903553299492,0.00190355329949239,0.00317258883248731,0.00380710659898477,0.00444162436548223,0.0050761421319797,0.00697969543147208,0.00697969543147208,0.00761421319796954,0.00888324873096447,0.00951776649746193,0.0107868020304569,0.0120558375634518,0.0139593908629442,0.0145939086294416,0.0158629441624366,0.016497461928934,0.0177664974619289,0.0177664974619289,0.0184010152284264,0.0190355329949239,0.0203045685279188,0.0209390862944162,0.0209390862944162,0.0209390862944162,0.0234771573604061,0.0241116751269035,0.0253807106598985,0.0253807106598985,0.0253807106598985,0.0260152284263959,0.0260152284263959,0.0260152284263959,0.0266497461928934,0.0285532994923858,0.0285532994923858,0.0304568527918782,0.0310913705583756,0.032994923857868,0.0342639593908629,0.0355329949238578,0.0368020304568528,0.0393401015228426,0.0418781725888325,0.0456852791878172,0.0513959390862944,0.0628172588832487,0.0755076142131979,0.0831218274111675,0.104060913705584,0.123096446700508,0.161167512690355,0.191624365482233,0.233502538071066,0.289340101522843,0.340736040609137,0.41497461928934,0.50253807106599,0.576142131979695,0.657994923857868,0.746827411167513,0.810913705583756,0.875,0.923857868020305,0.95494923857868,0.977157360406091,0.99238578680203,0.996827411167513,1,1,1,1,1,1,1,1,1,1,-17,-13.1591836734694,-32.2444444444444,15.2444444444444,3.84081632653061
0,0,0,0,0,0,0,0,0,0,0,0,0,0,0,0,0,0,0,0,0,0,0,0,0.000687285223367698,0.000687285223367698,0.000687285223367698,0.000687285223367698,0.000687285223367698,0.000687285223367698,0.000687285223367698,0.000687285223367698,0.0013745704467354,0.00412371134020619,0.00618556701030928,0.00756013745704467,0.00824742268041237,0.00962199312714777,0.00962199312714777,0.00962199312714777,0.0109965635738832,0.0109965635738832,0.0109965635738832,0.0109965635738832,0.0109965635738832,0.0109965635738832,0.0109965635738832,0.0116838487972509,0.0116838487972509,0.0130584192439863,0.0130584192439863,0.0130584192439863,0.0130584192439863,0.0130584192439863,0.0144329896907217,0.015807560137457,0.0164948453608247,0.0171821305841924,0.0171821305841924,0.0185567010309278,0.0206185567010309,0.0240549828178694,0.0247422680412371,0.0261168384879725,0.0288659793814433,0.0316151202749141,0.0350515463917526,0.0371134020618557,0.0371134020618557,0.0412371134020619,0.0439862542955326,0.0501718213058419,0.0549828178694158,0.0632302405498282,0.0714776632302405,0.0790378006872852,0.0975945017182131,0.118213058419244,0.14639175257732,0.191752577319588,0.239175257731959,0.317525773195876,0.424054982817869,0.556701030927835,0.696907216494845,0.852920962199313,0.945017182130584,0.99106529209622,1,1,1,1,1,1,1,1,1,1,1,1,1,-15,-13.8917910447761,-29.0277777777778,14.0277777777778,1.10820895522389
0,0,0,0,0,0.000724112961622013,0.000724112961622013,0.000724112961622013,0.000724112961622013,0.000724112961622013,0.000724112961622013,0.000724112961622013,0.000724112961622013,0.000724112961622013,0.000724112961622013,0.00144822592324403,0.00144822592324403,0.00144822592324403,0.00217233888486604,0.00217233888486604,0.00289645184648805,0.00289645184648805,0.00289645184648805,0.00362056480811006,0.00362056480811006,0.00362056480811006,0.00362056480811006,0.00362056480811006,0.00362056480811006,0.00362056480811006,0.00362056480811006,0.00434467776973208,0.00434467776973208,0.00434467776973208,0.00434467776973208,0.00506879073135409,0.00506879073135409,0.00506879073135409,0.00506879073135409,0.00506879073135409,0.00506879073135409,0.00506879073135409,0.0057929036929761,0.00651701665459812,0.00651701665459812,0.00651701665459812,0.00651701665459812,0.00651701665459812,0.00651701665459812,0.00724112961622013,0.00796524257784214,0.00796524257784214,0.00796524257784214,0.00796524257784214,0.00868935553946415,0.00941346850108617,0.0101375814627082,0.0108616944243302,0.0115858073859522,0.0115858073859522,0.0130340333091962,0.0144822592324403,0.0159304851556843,0.0173787110789283,0.0173787110789283,0.0195510499637944,0.0195510499637944,0.0217233888486604,0.0238957277335264,0.0253439536567705,0.0260680666183925,0.0304127443881245,0.0333091962346126,0.0347574221578566,0.0369297610427227,0.0383779869659667,0.0412744388124547,0.0441708906589428,0.0506879073135409,0.0608254887762491,0.0731354091238233,0.112961622013034,0.170166545981173,0.280955829109341,0.433743664011586,0.623461259956553,0.833454018826937,0.939174511223751,0.989862418537292,0.999275887038378,1,1,1,1,1,1,1,1,1,1,1,-14,-12.7864285714286,-22.1055555555556,8.10555555555555,1.21357142857143
0,0,0,0,0,0.000677966101694915,0.000677966101694915,0.000677966101694915,0.000677966101694915,0.000677966101694915,0.000677966101694915,0.000677966101694915,0.00203389830508475,0.00610169491525424,0.00677966101694915,0.00745762711864407,0.0088135593220339,0.0088135593220339,0.0088135593220339,0.00949152542372881,0.00949152542372881,0.0101694915254237,0.0101694915254237,0.0101694915254237,0.0101694915254237,0.0108474576271186,0.0108474576271186,0.0115254237288136,0.0115254237288136,0.0122033898305085,0.0122033898305085,0.0122033898305085,0.0128813559322034,0.0135593220338983,0.0135593220338983,0.0142372881355932,0.0149152542372881,0.0149152542372881,0.0149152542372881,0.0149152542372881,0.015593220338983,0.015593220338983,0.016271186440678,0.016271186440678,0.016271186440678,0.016271186440678,0.016271186440678,0.0169491525423729,0.0169491525423729,0.0169491525423729,0.0176271186440678,0.0176271186440678,0.0176271186440678,0.0183050847457627,0.0183050847457627,0.0196610169491525,0.0196610169491525,0.0196610169491525,0.0210169491525424,0.0210169491525424,0.0210169491525424,0.0216949152542373,0.0223728813559322,0.0223728813559322,0.0230508474576271,0.023728813559322,0.0244067796610169,0.0250847457627119,0.0257627118644068,0.0264406779661017,0.0271186440677966,0.0284745762711864,0.0298305084745763,0.0298305084745763,0.031864406779661,0.0352542372881356,0.0379661016949152,0.0433898305084746,0.0549152542372881,0.0738983050847457,0.125423728813559,0.222372881355932,0.376949152542373,0.583050847457627,0.820338983050848,0.971525423728814,1,1,1,1,1,1,1,1,1,1,1,1,1,1,1,-16,-15.1423766816144,-22.4264705882353,6.42647058823529,0.857623318385649
0,0,0,0,0,0,0,0,0,0,0,0,0,0,0,0,0,0,0,0,0,0,0,0,0,0,0,0,0,0,0,0,0,0,0,0,0,0,0,0,0,0,0,0,0,0,0,0,0,0,0.000623830318153462,0.000623830318153462,0.000623830318153462,0.000623830318153462,0.000623830318153462,0.000623830318153462,0.000623830318153462,0.000623830318153462,0.000623830318153462,0.000623830318153462,0.000623830318153462,0.000623830318153462,0.000623830318153462,0.000623830318153462,0.000623830318153462,0.000623830318153462,0.00124766063630692,0.00124766063630692,0.00187149095446039,0.00374298190892077,0.00374298190892077,0.00436681222707424,0.00436681222707424,0.0049906425452277,0.0049906425452277,0.0049906425452277,0.00623830318153462,0.00935745477230194,0.0099812850904554,0.0099812850904554,0.0137242669993762,0.0155957579538366,0.0199625701809108,0.0268247036805989,0.0524017467248908,0.0761072988147224,0.119151590767311,0.188396756082346,0.35683094198378,0.651902682470368,0.908920773549594,0.98378041172801,0.998752339363693,0.999376169681847,1,1,1,1,1,1,1,-11,-9.45125,-16.0939024390244,5.09390243902439,1.54875
0,0,0,0,0.000677048070412999,0.000677048070412999,0.000677048070412999,0.000677048070412999,0.000677048070412999,0.000677048070412999,0.000677048070412999,0.000677048070412999,0.000677048070412999,0.000677048070412999,0.000677048070412999,0.000677048070412999,0.000677048070412999,0.000677048070412999,0.001354096140826,0.001354096140826,0.001354096140826,0.001354096140826,0.001354096140826,0.001354096140826,0.001354096140826,0.001354096140826,0.001354096140826,0.001354096140826,0.001354096140826,0.002031144211239,0.002031144211239,0.002031144211239,0.002031144211239,0.002031144211239,0.002031144211239,0.002031144211239,0.002031144211239,0.002031144211239,0.002031144211239,0.002031144211239,0.002708192281652,0.002708192281652,0.002708192281652,0.002708192281652,0.002708192281652,0.002708192281652,0.003385240352065,0.00473933649289099,0.00473933649289099,0.00473933649289099,0.00541638456330399,0.00609343263371699,0.00677048070412999,0.00744752877454299,0.00744752877454299,0.00744752877454299,0.00744752877454299,0.00744752877454299,0.00744752877454299,0.00744752877454299,0.00812457684495599,0.00812457684495599,0.00880162491536899,0.00947867298578199,0.00947867298578199,0.00947867298578199,0.00947867298578199,0.010155721056195,0.010832769126608,0.012186865267434,0.014218009478673,0.014218009478673,0.014895057549086,0.016926201760325,0.017603249830738,0.02031144211239,0.025050778605281,0.030467163168585,0.034529451591063,0.036560595802302,0.043331076506432,0.0561949898442789,0.0724441435341909,0.0995260663507109,0.138117806364252,0.197698036560596,0.275558564658091,0.368314150304672,0.462423832092079,0.566012186865267,0.644549763033175,0.735274204468517,0.857142857142857,0.960731211916046,0.998645903859174,1,1,1,1,1,1,-8,-7.10359477124183,-19.4815789473684,11.4815789473684,0.896405228758169
0,0,0,0,0,0,0.000715819613457409,0.000715819613457409,0.000715819613457409,0.000715819613457409,0.000715819613457409,0.000715819613457409,0.000715819613457409,0.000715819613457409,0.000715819613457409,0.000715819613457409,0.000715819613457409,0.000715819613457409,0.000715819613457409,0.00357909806728704,0.00572655690765927,0.00572655690765927,0.00715819613457409,0.0150322118826056,0.0200429491768074,0.0200429491768074,0.0200429491768074,0.0200429491768074,0.0200429491768074,0.0207587687902649,0.0207587687902649,0.0214745884037223,0.0214745884037223,0.0214745884037223,0.0214745884037223,0.0214745884037223,0.0214745884037223,0.0214745884037223,0.0214745884037223,0.0214745884037223,0.0221904080171797,0.0221904080171797,0.0221904080171797,0.0229062276306371,0.0229062276306371,0.0229062276306371,0.0236220472440945,0.0236220472440945,0.0243378668575519,0.0243378668575519,0.0243378668575519,0.0243378668575519,0.0250536864710093,0.0250536864710093,0.0250536864710093,0.0257695060844667,0.0272011453113815,0.0272011453113815,0.0272011453113815,0.0279169649248389,0.0286327845382964,0.0286327845382964,0.0300644237652112,0.0300644237652112,0.0307802433786686,0.0307802433786686,0.0307802433786686,0.0307802433786686,0.031496062992126,0.0329277022190408,0.0336435218324982,0.0336435218324982,0.0379384395132427,0.0400858983536149,0.0429491768074445,0.0465282748747316,0.0501073729420186,0.0601288475304224,0.0715819613457409,0.0830350751610594,0.0937723693629206,0.1159627773801,0.155332856120258,0.228346456692913,0.371510379384395,0.607015032211883,0.863994273443092,0.987831066571224,0.999284180386543,1,1,1,1,1,1,1,1,1,1,1,1,-14,-13.3054913294798,-24.03,10.03,0.694508670520236
0,0,0,0,0,0,0,0,0,0,0,0,0,0,0,0,0.000615384615384615,0.000615384615384615,0.000615384615384615,0.000615384615384615,0.000615384615384615,0.000615384615384615,0.000615384615384615,0.000615384615384615,0.000615384615384615,0.000615384615384615,0.000615384615384615,0.000615384615384615,0.000615384615384615,0.000615384615384615,0.000615384615384615,0.00123076923076923,0.00123076923076923,0.00123076923076923,0.00307692307692308,0.00307692307692308,0.00369230769230769,0.00369230769230769,0.00369230769230769,0.00369230769230769,0.00430769230769231,0.00492307692307692,0.00492307692307692,0.00553846153846154,0.00615384615384615,0.00615384615384615,0.00676923076923077,0.00738461538461538,0.008,0.00923076923076923,0.00923076923076923,0.00923076923076923,0.00984615384615385,0.00984615384615385,0.0110769230769231,0.0129230769230769,0.0129230769230769,0.0129230769230769,0.0135384615384615,0.0135384615384615,0.0135384615384615,0.0141538461538462,0.016,0.016,0.0166153846153846,0.0184615384615385,0.0196923076923077,0.0203076923076923,0.0221538461538461,0.0227692307692308,0.024,0.0283076923076923,0.0449230769230769,0.0756923076923077,0.121846153846154,0.218461538461538,0.332307692307692,0.472615384615384,0.601230769230769,0.734153846153846,0.838153846153846,0.916923076923077,0.974769230769231,0.995076923076923,0.999384615384615,1,1,1,1,1,1,1,1,1,1,1,1,1,1,1,1,-23,-18.4281914893617,-27.835,4.83499999999999,4.57180851063831
0,0,0,0,0,0,0,0,0,0,0,0,0,0,0.0152155536770921,0.0202874049027895,0.0202874049027895,0.0211327134404057,0.021978021978022,0.0228233305156382,0.0228233305156382,0.0228233305156382,0.0228233305156382,0.0228233305156382,0.0228233305156382,0.0228233305156382,0.0228233305156382,0.0228233305156382,0.0236686390532544,0.0236686390532544,0.0236686390532544,0.0236686390532544,0.0245139475908707,0.0245139475908707,0.0245139475908707,0.0245139475908707,0.0245139475908707,0.0262045646661031,0.0270498732037194,0.0270498732037194,0.0278951817413356,0.0278951817413356,0.0287404902789518,0.029585798816568,0.0312764158918005,0.0312764158918005,0.0312764158918005,0.0312764158918005,0.0321217244294167,0.032967032967033,0.0338123415046492,0.0346576500422654,0.0363482671174979,0.0363482671174979,0.0380388841927303,0.0380388841927303,0.0388841927303466,0.0388841927303466,0.0397295012679628,0.040574809805579,0.0414201183431953,0.043956043956044,0.043956043956044,0.043956043956044,0.0473372781065089,0.0481825866441251,0.0498732037193576,0.0507185122569738,0.0524091293322063,0.0524091293322063,0.0532544378698225,0.0540997464074387,0.0566356720202874,0.0583262890955199,0.0608622147083686,0.062552831783601,0.0633981403212173,0.0701606086221471,0.0752324598478445,0.084530853761623,0.119188503803888,0.183431952662722,0.299239222316145,0.496196111580727,0.741335587489434,0.920540997464074,0.978021978021978,0.99323753169907,1,1,1,1,1,1,1,1,1,1,1,1,1,-16,-14.4875,-33.85,17.85,1.5125
0,0,0,0.000654878847413229,0.00130975769482646,0.00196463654223969,0.00196463654223969,0.00196463654223969,0.00327439423706614,0.00392927308447937,0.00392927308447937,0.00392927308447937,0.0045841519318926,0.0045841519318926,0.0045841519318926,0.00523903077930583,0.00523903077930583,0.00523903077930583,0.00523903077930583,0.00523903077930583,0.00523903077930583,0.00589390962671906,0.00589390962671906,0.00589390962671906,0.00589390962671906,0.00589390962671906,0.00589390962671906,0.00589390962671906,0.00654878847413229,0.00654878847413229,0.00654878847413229,0.00654878847413229,0.00720366732154551,0.00720366732154551,0.00720366732154551,0.00720366732154551,0.00785854616895874,0.00785854616895874,0.00851342501637197,0.00851342501637197,0.00851342501637197,0.00851342501637197,0.0091683038637852,0.0091683038637852,0.0091683038637852,0.00982318271119843,0.00982318271119843,0.0104780615586117,0.0104780615586117,0.0111329404060249,0.0111329404060249,0.0111329404060249,0.0111329404060249,0.0111329404060249,0.0117878192534381,0.0124426981008513,0.0124426981008513,0.0124426981008513,0.0130975769482646,0.0137524557956778,0.0137524557956778,0.0137524557956778,0.014407334643091,0.014407334643091,0.014407334643091,0.014407334643091,0.014407334643091,0.0150622134905043,0.0150622134905043,0.0157170923379175,0.0157170923379175,0.0157170923379175,0.0163719711853307,0.0268500327439424,0.0438768827766863,0.0720366732154551,0.113294040602489,0.173542894564506,0.262606417812705,0.373935821872953,0.504256712508186,0.652259332023576,0.791748526522593,0.89652914210871,0.969875573018991,0.992796332678454,0.999345121152587,1,1,1,1,1,1,1,1,1,1,1,1,1,1,-19,-16.2709821428571,-25.7825581395349,6.78255813953488,2.72901785714286
0,0,0,0,0,0,0,0.00420757363253857,0.00701262272089762,0.00701262272089762,0.00701262272089762,0.00701262272089762,0.00701262272089762,0.00771388499298738,0.00771388499298738,0.00771388499298738,0.00841514726507714,0.00841514726507714,0.00841514726507714,0.00841514726507714,0.00841514726507714,0.0091164095371669,0.0105189340813464,0.0161290322580645,0.017531556802244,0.017531556802244,0.017531556802244,0.017531556802244,0.017531556802244,0.0182328190743338,0.0189340813464236,0.0189340813464236,0.0189340813464236,0.0189340813464236,0.0196353436185133,0.0196353436185133,0.0203366058906031,0.0210378681626928,0.0210378681626928,0.0210378681626928,0.0217391304347826,0.0217391304347826,0.0224403927068724,0.0231416549789621,0.0252454417952314,0.0266479663394109,0.0273492286115007,0.0273492286115007,0.0287517531556802,0.0287517531556802,0.02945301542777,0.0301542776998597,0.0308555399719495,0.032258064516129,0.032258064516129,0.0329593267882188,0.0329593267882188,0.0343618513323983,0.0357643758765778,0.0364656381486676,0.0406732117812062,0.0427769985974755,0.0462833099579243,0.046984572230014,0.0490883590462833,0.0504908835904628,0.0518934081346424,0.0525946704067321,0.0553997194950912,0.0610098176718093,0.0624123422159888,0.0673211781206171,0.0701262272089762,0.0750350631136045,0.0785413744740533,0.0841514726507714,0.0897615708274895,0.0960729312762973,0.108695652173913,0.139551192145863,0.17741935483871,0.253856942496494,0.363253856942496,0.518934081346423,0.711781206171108,0.916549789621318,0.99929873772791,1,1,1,1,1,1,1,1,1,1,1,1,1,1,-15,-14.5957627118644,-35.35,20.35,0.40423728813559
0,0,0,0,0,0,0,0,0,0,0,0,0,0,0,0,0,0,0,0,0,0,0,0,0,0,0,0,0,0,0,0,0,0,0,0,0,0,0,0,0,0,0,0,0,0,0,0.000462962962962963,0.000462962962962963,0.000462962962962963,0.000462962962962963,0.000462962962962963,0.000462962962962963,0.000462962962962963,0.000462962962962963,0.000462962962962963,0.000462962962962963,0.000462962962962963,0.000925925925925926,0.00138888888888889,0.00138888888888889,0.00138888888888889,0.00138888888888889,0.00185185185185185,0.00185185185185185,0.00185185185185185,0.00231481481481482,0.00277777777777778,0.00324074074074074,0.00324074074074074,0.0037037037037037,0.00462962962962963,0.00555555555555556,0.00694444444444444,0.012962962962963,0.0203703703703704,0.0305555555555556,0.0513888888888889,0.0939814814814815,0.153240740740741,0.237037037037037,0.320833333333333,0.403240740740741,0.5,0.578240740740741,0.658333333333333,0.747222222222222,0.810185185185185,0.868055555555556,0.917592592592593,0.949074074074074,0.971296296296296,0.985185185185185,0.99212962962963,0.995833333333333,0.999074074074074,1,1,1,1,1,-17,-9.95833333333334,-23.0666666666667,6.06666666666666,7.04166666666666
