-12.9567884941043,-11.5936073139714,-17.9336366016206,-17.9811383191046,-16.6229308138235,-9.95700187330351,-14.6438204248228,-23.1131399398848,-15.2269394383337,-13.0454953947715,-11.5964799934968,-16.5563073977623,-12.3512053315683,-12.2940878033663,-15.7416868306515,-15.530592340993,-11.7007779094038,-11.1536181058084,-12.5447145110419,-16.1662555716661,-14.346553575718,-13.5553512828317,-16.7044722841934,-13.2260534596337,-12.4257756089355,-13.2210096279407,-13.1310472933787,-8.69223207354298,-11.1334701297463,-15.0159949027039
-16.7540830145954,-12.3607796344039,-15.3350000080003,-16.2393021149732,-11.7946907812659,-12.7764603233709,-15.4954640919956,-14.4865619572388,-12.8458652528488,-11.1536181058084,-14.9133696258604,-14.7932137913994,-14.9410294189758,-12.8022948300699,-13.8224207979854,-12.4484709249544,-15.6609265501074,-13.8033736699003,-14.1103570911067,-14.9204000131531,-14.603484200806,-14.5685686842778,-12.9248926445539,-13.3609536079248,-12.2296256420747,-13.8276912374954,-12.5535937394424,-14.0831041161318,-15.7416868306515,-14.9166196374989
-15.8529400501242,-12.9269112611522,-13.7567979098201,-10.0962323586561,-13.8998810697325,-15.3927323948714,-14.2174025059476,-15.3396985919191,-12.4352461157268,-15.1522519071668,-16.9431993064002,-12.4324248767672,-17.5189798321227,-16.1320324768956,-11.162915880286,-13.9385022408168,-13.8349285167749,-14.062108823468,-15.3144240046443,-11.9862295704316,-14.8389298773296,-16.4684076766233,-18.7809608008102,-15.1307245259466,-13.2247475181131,-12.7859688310584,-15.0230467218629,-13.0588180076745,-11.4235943107375,-12.1407000843569
-14.4187992639173,-15.5907466356089,-12.3983314873611,-15.0120966533949,-14.7714101710295,-13.2478625769144,-15.9150902868127,-14.1550847422025,-13.6392980981899,-14.6185116194005,-13.8903590112193,-11.9782873109453,-15.8651771940573,-16.1482437429198,-12.425960650961,-14.136836635434,-13.2184394215183,-11.2618585011293,-12.6340461959379,-15.0544031159911,-11.7888714733341,-14.6888726832573,-15.8665364071859,-11.1621973577687,-13.0037564975949,-16.8890141036292,-15.2850029289533,-11.5041946751499,-11.7040449317372,-15.6610335684644
-14.8089289313695,-13.7648506095769,-13.9843351694362,-13.6197802299927,-12.6904678307448,-16.0593840074863,-16.3928582889207,-12.6136885751002,-12.1823368812882,-17.1275976724638,-15.008094949439,-15.6515988898325,-14.7922561997085,-14.8942854201934,-12.7958630301725,-14.7871825745409,-14.5603787029546,-14.0954318806755,-11.2539630331018,-13.1280635824321,-15.6295051422476,-12.745858944226,-14.0317242722043,-10.5614049501868,-13.8179730929867,-15.2040209161236,-12.6340461959379,-14.8237869780673,-7.62795476875523,-10.6850003121936
-15.06793536704,-17.1229595032237,-15.78756908962,-14.0279202729558,-13.1047029968745,-12.8059555593764,-11.8680897181628,-12.2207086686374,-14.5099884359817,-16.9343413925801,-10.1509618074042,-13.1703632418966,-12.6682785319776,-15.7285418676718,-16.2756440385542,-14.8243868607063,-13.3564909697386,-10.8746985637716,-12.2327740578121,-13.1809026113712,-15.4457991614473,-18.6801345296722,-15.6720670094166,-12.7277235244825,-15.8665717257845,-15.7490243345103,-13.7885253715125,-13.9953511789036,-11.4113340907528,-16.3773272941897
-13.600356263202,-10.593136356306,-16.5609007078794,-6.16892897099001,-14.1290323617584,-11.2434569365053,-14.5537735906456,-15.6003860887657,-16.0139565012024,-14.1618438586412,-13.6490640686025,-13.693356357398,-15.136072050182,-15.4019710458156,-15.6265694727554,-14.1184007174219,-14.8846737954707,-15.5167851666571,-15.2283726147513,-12.0273261606433,-18.8319519629566,-12.6682785319776,-12.4581711663938,-13.7150841892204,-15.3318709063334,-14.5826692163387,-15.4159381491016,-14.8284568269111,-13.5230696144041,-15.6474834473701
-14.6454488160508,-16.1283938253417,-8.26149548182779,-13.8000901461188,-13.4532147152524,-14.2199847365843,-14.1648543959417,-15.858694872361,-12.3248911949323,-11.5045735158135,-15.6918516263486,-14.3928224527542,-14.6823979278978,-15.0992565235713,-12.875510066097,-11.5531931782031,-15.3186531348801,-13.8595913874308,-14.4392669330265,-8.92026317767221,-14.5882987602903,-15.2029366063793,-14.7958775833766,-14.0530233922807,-13.7945797016054,-13.6799364932493,-15.6677917210582,-13.818014745018,-12.0316233182689,-11.1360554618054
-15.4650072043631,-15.8829038494202,-13.2467090198288,-15.9391075941553,-15.6386902741702,-15.4602679257842,-14.3141705288117,-16.9158903172267,-19.1265184991381,-16.4972722870269,-14.750663613016,-12.351422221511,-16.0995221833922,-14.5570590164721,-10.5570913622292,-11.1341460984204,-12.0302877915812,-16.4038923701297,-14.4601501239402,-12.1128113319119,-13.4171230867053,-13.3228954246587,-14.5519776775463,-14.2765103236008,-13.620754678954,-13.8521126413591,-19.1146458848806,-12.8787425120301,-14.0240642464356,-11.46397050983
-14.2309173782646,-12.1445069563176,-15.4331108024956,-9.53832191880693,-16.1220842669025,-12.117614753675,-12.837946779909,-16.4025501733518,-13.8196622450357,-12.9727711927702,-14.4968925150994,-17.3672790665151,-10.9470202905892,-13.9341003520586,-15.3596085288814,-12.8997905543897,-12.175368366956,-13.7101263594391,-11.2228919610515,-15.8515223033542,-13.2860619903393,-19.7685518529302,-11.1126930214475,-12.8203366671847,-17.5731387376248,-12.2764091314129,-13.9880285273854,-13.4616673679499,-14.9597207678231,-12.7137079002002
-16.650147058352,-13.7792583453841,-17.3824012950811,-15.1536180922304,-17.1062077450374,-15.5425476468933,-13.0181071018508,-13.2570440001083,-11.7481126901222,-12.144369065832,-15.2745738943708,-16.5396593390109,-17.5408842203156,-11.7466459964915,-13.8421914511383,-16.2797426310637,-13.2479858584959,-14.0251795888978,-11.5758175040031,-12.5989625880942,-11.0430959912919,-12.9737502986163,-16.1571029869918,-15.9821034692148,-13.2262603945065,-15.5982223951088,-16.2380117165009,-17.9582834968509,-13.0810555735246,-14.2363014548531
-18.4077383932233,-15.529150277579,-13.9124405785276,-15.8729501913927,-14.101687772069,-15.1473732506291,-12.4478440459893,-12.1373376036596,-17.2009842216222,-9.60280285219958,-16.7813382219069,-16.5178250960976,-13.5745173592219,-13.1637737662507,-14.5872516547111,-12.8771813144508,-10.7903011769519,-12.6402248500171,-16.9785075469388,-10.4246039819439,-15.9301716718786,-14.1208107659755,-15.7023306117994,-10.8182804945112,-17.3266657182722,-14.8688375241758,-15.522230126255,-14.3471952720637,-17.0460682841718,-8.35311277452693
-13.6862214777761,-15.7167447370398,-14.9986540688947,-14.1552243221865,-14.1225555210751,-15.7495413366818,-13.0105657147422,-14.9549652172761,-12.144369065832,-17.9630575814345,-13.0011506420273,-12.9957589861087,-13.2811061742674,-13.820849419559,-16.1272146925491,-14.8582099528851,-14.6566346445436,-15.6112800424647,-17.6745626695889,-13.3644031166902,-16.2944967444203,-14.8554438346569,-13.4345316306677,-14.1642224405226,-16.5553410379508,-15.4080079585276,-11.2321493699221,-17.4097630247484,-10.5725519157786,-5.06440609728812
-15.6621578338388,-14.3641017965102,-13.2284936819258,-14.3131555525129,-15.3888793168277,-12.0269153489957,-13.4744035157227,-15.8348406974662,-12.7752076139605,-14.1100329024096,-13.9286492527226,-17.8179510620034,-7.22516594731437,-12.4808538866959,-16.4459792675874,-15.3658600108999,-16.296548589006,-14.5115960588399,-15.476867088713,-14.5370564510889,-13.0983588452234,-14.8376343692712,-9.79752163445481,-8.362561451466,-13.5692276399861,-20.0246971548355,-14.7242398167614,-17.3714890523883,-15.0025825835882,-9.99241537673845
-13.8505580170985,-12.1720851121535,-14.7396509672706,-13.5401675598241,-12.138980532852,-14.9186996178676,-12.9357723207636,-15.7682302902247,-14.3897827222685,-12.867657399768,-11.8905070421206,-15.8981143837777,-11.6613683352036,-10.0015489979072,-13.1038387947318,-16.6168176758534,-11.7964493434299,-12.2582923829781,-15.1495871158777,-12.6757059406956,-14.4842715556787,-12.4962160018884,-10.0856285706602,-13.2481631017222,-11.8939622938298,-18.8018264760503,-12.340106024229,-12.1995909377823,-14.4604245474581,-16.5219667452127
-17.3220940469508,-14.3787649852842,-14.457631029863,-11.2402698985113,-16.1931685980948,-12.7676828940152,-13.423403966848,-13.18847228387,-14.1375023025317,-15.4339687717569,-11.2114104185312,-14.3178445157571,-13.0792713044996,-18.3471250688199,-11.8786369701387,-11.2472931390646,-11.1118192203784,-16.6589870025536,-12.4171289270065,-15.5361694823665,-15.3161490722506,-14.7095288173778,-12.6440955868218,-12.0730473262133,-14.8553768392375,-16.9907982256389,-12.332327968658,-13.0672463403059,-20.1078147337093,-20.4782074010458
-14.2337089839407,-13.6953589990569,-12.7403649463704,-14.4417041589633,-15.4634090778628,-9.22174183872324,-11.1492956368496,-14.4050638704862,-14.7218771768206,-13.6414208944465,-9.9477856715839,-12.374894919613,-11.1143692201957,-15.0653932775877,-11.5290279552035,-15.3991678172191,-13.8437381787562,-16.0835398315138,-14.2879616440408,-18.1678586623171,-15.2923470828081,-12.815495481002,-14.0635830809636,-13.6542607412924,-15.9754699413623,-12.9818684232234,-12.7566571060123,-15.1116048934421,-15.1673053806444,-13.2962981312002
-14.8302211987987,-14.8485633875668,-15.0901689925913,-13.2154699212678,-13.2538935138945,-17.219380288284,-16.5368211554007,-13.3558857106843,-13.7141380277329,-13.9727386839915,-13.3700335662697,-10.9526567576412,-10.7882372862568,-14.2003461686268,-15.9158011703329,-12.254627887989,-13.8919920382149,-13.9396651756814,-15.9068183436647,-17.1717796442177,-17.0648489416144,-14.0658084781063,-14.1381225269573,-12.4536285482287,-16.1792243653958,-16.3300957120011,-19.4531675488219,-16.9186510723946,-10.4921808211509,-15.4517344389731
-11.4652130044391,-9.29699531914975,-12.3970831426904,-17.1594526216509,-15.9201776422776,-16.0929435990238,-16.042794550871,-11.3199553956057,-15.1353321303676,-13.9098062828203,-12.8227000664199,-17.0265495649884,-12.329622335357,-14.2803679216471,-16.4746800705244,-15.9155963707477,-14.333825852593,-16.0407786974142,-15.4921324993072,-16.2920677167993,-14.3844635747108,-18.0009959033745,-12.917824309942,-14.8685097134466,-15.4023166612281,-11.8134305124882,-14.3194716197156,-13.9227159847074,-12.7262758100197,-13.1633743259038
-13.4815088882559,-14.1335740432196,-13.5342362962069,-11.8257082897549,-12.4260075706536,-14.6422200005033,-17.3133643424332,-14.1238630040991,-10.7421961792695,-16.0098565975036,-12.5223264296712,-15.9837226140567,-11.779175846203,-15.9691566852813,-13.5181179009895,-14.3527230157185,-11.0124345621829,-11.7309826737933,-13.4352083370551,-13.2789064182084,-15.3160808624926,-11.1140480699092,-14.3086610584565,-14.7069274810324,-13.982520472067,-12.8591344297625,-16.4612440729124,-14.8756325485703,-15.5868315818602,-15.7776407646753
-12.1739260215427,-7.95683848996227,-11.9039479194181,-12.9367201107203,-12.1718554849098,-15.0248464433576,-15.135836111924,-12.4683387913416,-10.9537352548904,-15.1106426559414,-13.3085920601788,-14.7761418617844,-13.9639863199428,-13.4208625723277,-16.6145969788248,-10.0064174271584,-19.4009348815733,-14.2436611315098,-14.6561098345811,-11.3547254577013,-13.5043215087624,-11.1911522190537,-10.6964733614037,-10.695168782332,-17.0477370988996,-13.7190378271439,-13.6085139677374,-13.989546459996,-15.2373587595863,-16.5035935063999
-16.5034657498281,-15.1923712667705,-15.551121143321,-17.1647901191496,-13.4853436098853,-16.1707449836802,-13.0928913409024,-14.4437641820372,-9.82091455425225,-13.4449091713008,-14.8119731449437,-12.8756375918522,-13.462749314067,-16.8710274681207,-12.9940972276333,-13.5714246021474,-15.3386832583183,-16.6444718925533,-11.7335793156546,-16.3263715592256,-16.5003495447847,-12.9800384488125,-16.6641375801295,-14.5475768626827,-15.0412207745416,-14.6288125160384,-12.1130559559826,-17.0542667969008,-17.5348842152657,-15.0168767227404
-16.4435443288252,-13.7012960768975,-10.25116410312,-16.2128016162914,-11.8698110379291,-13.1898097973646,-15.2106265375668,-18.2843748263647,-11.7504388892177,-13.973862304732,-13.3476211767022,-13.5011625930936,-14.5050960643838,-16.6892521335637,-10.3015282650463,-17.6025104276112,-13.7370020434589,-15.2699365885929,-16.6308675390085,-15.4088090312193,-15.3834531270411,-12.4898094943085,-7.5831394151138,-15.7314091998391,-12.7570061916717,-13.2800059398105,-13.9184537264086,-17.6964100851793,-13.8393616865483,-16.4219483145489
-15.0696297669393,-15.6073853752035,-13.7043673474832,-12.3581346661221,-13.8931508336976,-15.1201967855246,-11.9240994132183,-13.8071494803138,-17.7767193148055,-15.801825262953,-16.0997768915577,-12.0587089630618,-15.3456524424577,-16.9074764165841,-14.5929786113686,-16.5379123670282,-13.1963848218021,-12.4498408488287,-12.7557336011381,-13.4319900669801,-13.4481279029685,-16.2218988894848,-9.79260941529535,-14.7992642932291,-13.5524254042688,-15.1907437767702,-17.2171060244364,-14.9034379124571,-15.3309263180611,-14.4144468020273
-13.5403322661147,-11.1988961637457,-10.7651112162356,-12.9837241340293,-15.7396390544957,-9.61775517577366,-14.1783980359669,-17.7178896820245,-14.1244111966536,-15.2704597781088,-9.91702240922316,-10.8082059014897,-14.7618357013077,-15.6309355955246,-14.1151082184364,-15.826295699668,-13.8264121101168,-13.9522126016552,-13.6457270619677,-16.9818950800489,-12.1837979829883,-12.036640118913,-15.312917515135,-16.9080998776384,-12.6534737119551,-12.868096570243,-16.5627044292182,-15.8605027471006,-13.5913793946701,-16.1558687347167
-15.6083394940342,-10.2182939759239,-13.2429474761894,-13.0397257260765,-13.099381686852,-9.30782121624692,-14.7972600553039,-16.5130512388541,-15.4771741540582,-9.17657717906495,-14.2057094686545,-11.3770325774882,-11.4061591544729,-12.7693899831103,-16.2438396798126,-15.754603060951,-11.4893355778936,-14.1635459832474,-15.3648976184419,-15.6258678219327,-15.5305248595448,-15.3117483576367,-13.7313911040399,-15.8380742942174,-17.0776293761012,-14.1647168158328,-14.6891546090462,-14.9993135061166,-15.5511832403235,-16.3835411965281
-12.7224616082241,-15.3489260179011,-16.3332744334354,-16.4684870671118,-16.5625476959891,-14.494215187206,-11.8592636161038,-13.3562815679159,-18.3956364517565,-9.88805013316135,-15.2936294395318,-13.1121019050546,-15.4210893000266,-18.8781338141414,-11.7336238525623,-16.2907675125192,-17.0550193934297,-11.7676938432563,-16.7729627145057,-16.500140647601,-15.3594321872917,-14.1143662111211,-8.12693344548068,-16.4018114490334,-12.798971444464,-19.2128668940926,-14.700111537571,-15.754392306194,-13.4914695434425,-16.7394148207547
-14.11451354265,-16.4809841305356,-12.9831908394498,-11.5105561792223,-15.831975877051,-15.6784224872285,-13.6127059232478,-17.584403424596,-13.6550494705789,-9.06119876029121,-19.0620788068656,-13.0069920312761,-10.9639713881697,-19.1080800849145,-13.2443621357746,-19.1888410270453,-14.5211778883128,-13.746243497994,-11.5145014391671,-18.7457997229656,-15.0065458284785,-15.8073354559841,-16.4237272154325,-16.7377739608954,-16.0000740308774,-11.925161708901,-13.417204536275,-15.6695425990083,-13.9329784387128,-12.8462390501222
-12.0155351035721,-10.6939494640832,-13.4007792996472,-11.5658643825835,-16.6855714347365,-10.1935766414958,-16.282792948813,-17.5454001229512,-13.0782697703902,-13.3607564464768,-10.4872228536813,-13.6965134318233,-13.4976560558007,-14.7045900018201,-16.1614260824986,-13.8441154450494,-13.0140420590615,-16.4925377514345,-15.8039165935818,-16.9792691884048,-12.7247593914017,-15.9693873234962,-10.7671299444299,-9.78744762201122,-13.3975985422239,-13.9519689139767,-15.5355840700242,-16.0963772891236,-13.7852056886516,-17.3351056843738
-13.4944758220843,-12.9169405216084,-19.2930602459699,-17.0582852593824,-16.6657137960603,-19.1750987230765,-17.3381279924115,-14.217914820618,-16.3332052229714,-16.7822297035901,-9.51599749331526,-16.6700260258945,-13.3833560748335,-15.0515794868937,-5.68334003281408,-12.9221189615996,-13.7846528051125,-14.6804599108604,-10.1809579154861,-14.2419029179313,-12.6514414590928,-14.8408920243826,-15.2228579098795,-16.026085108594,-13.584200735658,-15.0475431013308,-13.642465416396,-12.2664003153144,-13.103849971902,-15.208533042732
-14.9400015786766,-12.8211355281263,-11.4975594191631,-13.4610091781109,-15.3270578179435,-15.2674706160511,-15.8725263171698,-16.0143844626912,-11.5879509515449,-15.0012763726825,-18.9882164652156,-15.5693847386156,-16.7835924267932,-11.7094837160191,-11.9384999728626,-17.8047951082579,-16.8428066570463,-15.3282440446944,-16.5788130890233,-14.3101443920542,-14.047710630959,-14.5161633478303,-14.8248152035435,-16.7649350171876,-16.3816911321781,-15.0354135701548,-12.9096665352958,-11.3591353348634,-14.3676645554607,-9.9656917398321
-16.704217213122,-11.0343583005098,-13.7498576741511,-13.4033738659943,-16.1481402452969,-15.7070527633641,-16.5861595254731,-12.9990636548764,-14.3790647773655,-14.101940656546,-18.1283798069171,-12.3091630449859,-11.0039382767984,-17.2429020156145,-14.4987102993714,-14.9222710099637,-14.0892241281592,-11.4512775966872,-14.7167658055404,-14.5057197773076,-15.1385093378032,-12.7658655497406,-10.6082005198076,-11.6971554226376,-14.0215433932772,-11.770674144311,-15.6710698442093,-14.6463064628233,-20.2147567987674,-14.9486851323652
-17.3708189390382,-14.5565842103649,-14.6798704889285,-18.0944405154933,-11.681336482832,-15.0587407365288,-15.6666336071578,-18.1698848610819,-9.67515604751166,-18.8674671321759,-17.1181178233539,-16.6511243943064,-16.1908270595752,-16.1746199951397,-17.370208060106,-14.0151065738852,-15.0577534022042,-17.6090341113722,-12.7589422988928,-18.0352367213903,-14.2930670413253,-16.9304336574024,-12.734995822617,-16.765388202904,-14.536902509047,-16.0871643636282,-16.8885628665991,-10.9131758690062,-16.2912724126133,-14.8714954227445
-13.042834150824,-12.0165373090017,-13.2516613446898,-15.2270196357733,-12.1185771690142,-15.3336707559472,-18.1569260196117,-15.819441173564,-15.5362002968511,-15.2441419052977,-12.7200679353244,-13.8601424925969,-15.6169461310439,-16.1487096822645,-12.9880802801609,-17.2229919813391,-15.1208727835715,-15.2101970814266,-13.6076189419089,-11.930894016838,-13.0537240683201,-13.8020799349199,-18.8777198707783,-12.574891403117,-15.7646353986785,-11.3178024571642,-12.8661111477616,-15.2944847979085,-11.6295046897472,-15.1672431207287
-17.2791067385022,-13.2505782755963,-12.5251257246039,-14.5584157383575,-16.9086265927828,-16.0496014265238,-15.0560280274762,-19.077151534694,-17.1925910618074,-12.0292381208136,-15.4429545585321,-13.6959422148668,-15.7921589686691,-15.6197147695397,-13.8610362324476,-14.2677661356091,-14.3906311812293,-16.5390417656356,-15.9647495869166,-14.7498557869202,-12.4026865870511,-17.6743195862503,-13.7121889813908,-13.9941275087655,-16.06865166207,-12.1765328611053,-16.261300623186,-15.2005558417398,-15.7999358298558,-16.7051843632071
-16.3138517542423,-18.7143788302195,-13.4422857486288,-15.2109068761252,-17.2320248595596,-15.1517109861031,-12.2648945214239,-18.9084567162813,-13.5882479245346,-11.8037354597903,-14.7573970650269,-17.1245465306489,-13.7046585640323,-16.3635851316157,-10.9886842871439,-11.5049568634066,-11.9702526140537,-16.0132856255604,-14.7156104432634,-15.1306989427686,-10.9165770227055,-13.0858623767999,-16.5970150686103,-11.4989186497449,-14.8843315611176,-15.946066167894,-15.5482238707581,-13.3697193240824,-13.9491203974558,-17.5793391822017
-14.4965909709531,-15.9289469771548,-17.0281556159321,-14.7294429120963,-15.7848707062481,-16.3968254043186,-15.6288616991802,-16.3321798763491,-15.6406499535095,-16.0355581791858,-15.5092455297918,-16.9084756722178,-14.2019058264329,-13.11867534155,-12.6828559213695,-15.5325131354093,-11.5406713011215,-11.9616480047686,-16.0434636010783,-15.8608222078306,-11.3547300374592,-12.3738568846978,-12.3741443756947,-16.0714482650897,-14.5214999497968,-17.8928375154952,-14.1135048054902,-15.5503517860574,-12.8116648530065,-14.8724168567828
-15.0394392335432,-12.0189817032113,-15.7037009057954,-14.9415635536283,-15.9970335073956,-16.5537457687553,-15.3148077171053,-15.5561854140648,-15.8692483595547,-10.1549411804604,-14.3324177817178,-16.080227069521,-11.6169117479076,-14.8757664976174,-11.7077759141951,-19.136930872029,-16.6408922713713,-15.6846224046941,-13.349792610335,-11.2376644352069,-16.0623528104218,-16.0013899076569,-12.0027245680906,-19.4278046987354,-16.8353370813401,-15.248790418645,-15.0253083992351,-16.305775206223,-13.9480831156432,-13.2964018321358
-18.5904545786194,-12.504614779449,-14.5515195788095,-13.8718642902331,-12.2685732314203,-14.3373265156891,-16.1565630390466,-13.6349794019962,-14.5042688853721,-17.1522126375417,-17.9954568513781,-15.6576947770113,-16.1222379894419,-14.7974305746523,-15.452332668392,-15.2865109333706,-14.6061079538356,-11.6881708915906,-15.9554568965122,-14.4892522564509,-12.8913840025865,-16.3070369109877,-16.7147324582302,-16.3802292738676,-16.6159574345783,-15.1513688473623,-16.0267897709066,-15.1006827920205,-15.6273375962314,-14.9281092516029
-15.4555563613061,-15.1022971265718,-10.5813150046782,-9.54158438150067,-12.5811167391368,-9.83697367121311,-16.2120809130053,-15.0889036928596,-15.1130022457406,-11.6792906754198,-11.5895118113737,-15.0610255104133,-16.8815267914238,-16.4916625110672,-15.4738800789612,-15.7737342242272,-15.7934368100516,-17.7465867949585,-14.5602007344928,-15.7057092170992,-16.4445841157734,-13.875768301196,-10.6151388165743,-14.9914923076098,-15.0013715614,-17.2459143423392,-14.8534933748865,-14.8758387187144,-15.9833030249974,-10.2032249779328
-13.7460920998037,-16.8526849347834,-15.254220370839,-12.504795550131,-16.5733010690457,-14.5969741602981,-17.3548553751259,-17.0110540530257,-10.2337008264437,-9.39921211220141,-16.5998637796913,-16.959155607293,-13.8892226082324,-14.716632754607,-14.1448181979897,-12.2805688331636,-17.3267556355345,-15.2234666503045,-15.0709357040797,-12.1677296288647,-14.7450614803872,-13.5586512272963,-11.6642028457124,-14.7079012746571,-15.64336138853,-18.1610927705208,-12.7088591838442,-15.5096736923164,-17.8894781183498,-17.4903614041419
-10.6611787621963,-16.1810064382666,-16.0074988220711,-16.1149541159013,-13.7601639889504,-12.8339778349068,-13.9444533219707,-17.0566162302576,-16.2067134552171,-17.5761377561879,-12.1055694436206,-14.233160902269,-16.1893955724789,-16.2076403066151,-17.0848814388772,-14.2528877931529,-15.0973999537572,-16.2007829697143,-13.1346181110717,-15.276721466805,-10.5934163709368,-14.7768678487826,-15.9068818100039,-14.7925691427936,-16.9017736194227,-16.2435998031764,-9.84924185038933,-14.0632027712007,-11.7432976760277,-15.9469029129732
-11.8917753433197,-15.2555523888779,-15.6478847149392,-16.2133437163467,-17.139972888898,-16.2521355506082,-14.9848506232767,-15.7948926233073,-13.109191880079,-14.4234454041586,-14.0408624140757,-17.0254390600271,-16.8313203950772,-14.2214295093596,-14.260591661415,-16.1884326235796,-19.1637288183248,-17.1051197847437,-12.8758985078746,-11.8444124961606,-11.2979182111004,-14.8739276377661,-14.5103374298203,-11.3037965103435,-15.6680146955477,-15.1101408465511,-16.0804467557259,-15.7491010832794,-12.4678349599308,-16.9946832976803
-12.0979834646612,-10.8864484426391,-12.1986466497406,-16.1311924824331,-9.49749087584987,-15.6549617396007,-13.4139708046691,-16.1359205160432,-17.7659587644761,-14.2439073455164,-18.721224879124,-10.9115554263703,-16.5854458093498,-11.2353345458771,-9.51591439259138,-11.2598185767844,-7.91699400063701,-14.2745588279603,-11.4295680938318,-18.0530843194895,-11.3163765593373,-15.4220510912771,-14.0018256555893,-16.2426231510944,-13.1934087260447,-15.6812201574713,-17.8223708048173,-15.7028792186287,-14.1456412398768,-12.2898629774373
-16.0235162134376,-16.1118213287169,-11.2001974622552,-13.151115072807,-14.699745748385,-14.6467672789171,-16.0860010848715,-11.7364053925065,-15.8791232224916,-16.1188152112767,-14.6365437512687,-12.0285923983744,-12.9604851181146,-9.69304871492893,-20.3215673901855,-14.6294988625643,-15.9884309138066,-13.0431885041208,-16.6063384674407,-14.8929490965612,-9.16220841594589,-11.1809946622285,-5.94694984613879,-11.7745852197556,-12.0621496289835,-18.3356780260919,-11.5698528707416,-13.8291955023797,-9.91763163187544,-14.459288156206
-11.6118297886698,-17.1411612871157,-14.8038449094486,-9.4766680060088,-11.7240795264629,-15.7036546758004,-13.3898074658536,-13.3383560390248,-17.873201872237,-12.2773284104786,-14.3432983455711,-13.094862622309,-11.3164837706158,-10.2899591177683,-13.2463222898987,-10.2943289043559,-11.0482699557766,-15.6130223557547,-11.4036996451262,-16.1857425819123,-11.5830224780815,-15.6470153284422,-12.7867489059744,-15.4631236577933,-13.9746431886515,-15.5514925136295,-12.6750101874493,-14.3524143985577,-16.8843754921434,-11.7650197307959
-14.7375324431687,-13.658712884,-12.1708073780359,-14.5557358778506,-14.3989403118042,-19.3407149084766,-14.4910625940752,-13.0305742309406,-13.9451977704226,-22.329317569693,-11.8632844604546,-16.4336994541736,-14.0504414705997,-16.9848426815295,-10.8848812684357,-11.0899889147454,-13.0596956368363,-10.5234721854988,-13.5673121923239,-13.3596208321638,-12.5061825024952,-17.3675492784379,-13.5884858392894,-17.2324810575887,-14.4741844455605,-14.7881463910807,-9.79672441593702,-13.4916307590279,-12.7818850053159,-13.3237750913811
-12.7774458991787,-18.2038452679308,-17.4651187935573,-15.3302899726913,-9.71956814082961,-10.7181935684019,-16.2396907603758,-17.4820278501397,-14.0453543154111,-12.6003086026235,-17.1113350762506,-15.5377471503372,-10.8150540463053,-14.3805659497394,-10.7966232304694,-18.7762508772052,-16.433551725281,-14.0211975499314,-14.4143488802229,-10.5899244239748,-13.519814559484,-12.3275192007619,-12.6930242880567,-14.7974768296814,-9.88516593372895,-15.0360993539359,-13.1802049173918,-14.3403328566391,-15.8929191070928,-12.2722726752001
-16.3189543215002,-15.4642841610075,-13.0882696982252,-15.2519681679008,-14.0453543154111,-10.4290051031942,-11.751543507056,-12.7774458991787,-19.9715406967718,-12.4314224952511,-13.6536401604904,-17.054061429307,-13.2407426954741,-16.3819204074359,-14.3805659497394,-15.5974337098933,-12.5928154074217,-14.8319308601414,-15.6453599362363,-14.6688462518035,-15.1226909844513,-12.5339282906277,-10.9250686848731,-17.5652674084754,-15.5033775066324,-12.9830209490577,-13.9684237425675,-10.1862465506095,-15.4829298084318,-12.6331274659852
-10.546427277593,-13.6540695335588,-15.9671099306485,-13.8285157037955,-13.5173074758934,-15.2140641441129,-14.4861624854239,-11.3433329427992,-11.8411247177873,-14.6989708975606,-17.0779443214207,-15.9729213110137,-16.9050689050004,-13.0873473363949,-13.1193728463821,-13.313084096711,-10.3714751623991,-15.5215481958871,-15.5589294218304,-16.8862136600777,-17.2557804505206,-14.3639512824238,-11.4560639880533,-11.4549416852756,-16.4472257785322,-9.66344005088668,-11.7808983600424,-9.98374168567484,-11.2679693323685,-12.5990078950181
-14.5559029175745,-15.5589294218304,-15.7126771469808,-14.993015492396,-14.5007110970885,-17.0242456568323,-14.1354125824193,-13.9099619134869,-11.6500699716834,-15.1651749939245,-16.8687350649277,-14.3867593657784,-15.9421421996738,-10.9657074567584,-9.03569473362784,-15.9916051462589,-11.102800921637,-11.1091661414672,-14.7074781938062,-12.8212020296204,-15.6408022217421,-15.3778240872563,-15.9244078290863,-19.4470580602417,-11.9514375015768,-13.4015184416457,-14.8005367731827,-12.2299209277233,-10.5052036259044,-15.5103824631905
-14.8163404430224,-15.3209452332976,-10.1104798358977,-12.8622508589038,-10.3683746561371,-11.326494863917,-15.5883319424413,-14.8887434684757,-10.0877668668844,-15.1281524839416,-16.0494717021293,-11.4435636974806,-18.663561290992,-16.5999073407883,-15.7844544107314,-12.6627152972555,-13.7888124826075,-11.922390667531,-15.5882177130014,-11.2090545044084,-13.5644595568492,-16.9008921555172,-13.2311825451893,-10.2550403223501,-15.5336619540315,-15.3339675639353,-14.7222195245239,-13.4262109105328,-16.2845052214595,-9.92473551901175
-11.4702288102173,-13.4232433911478,-9.19879527338962,-10.7007894420504,-12.2754767141611,-9.24670470482933,-9.88012227809723,-17.0082688755965,-14.9962054278036,-9.25891897339793,-10.4277311547876,-16.4347393211605,-14.370156224335,-10.6622591682923,-14.7501516651744,-16.3374485616162,-11.2751673942415,-16.3274440882904,-14.2390042752601,-14.8259339292267,-12.0794186034458,-8.94923301503617,-12.3603781568207,-12.8571272389944,-16.9996897878108,-11.1672263798893,-10.4735941360055,-11.7539009745776,-12.5007675389516,-11.9520503145549
-14.8440923257826,-11.4511347250426,-11.0122519642589,-12.844626793045,-8.69194217067574,-11.3903447817522,-15.147638797435,-12.2024412994097,-11.0941931071765,-14.9796116820941,-16.821172032862,-14.7515838948149,-11.379652095934,-14.9731381530499,-14.835728628819,-13.0899978977559,-10.2247527733725,-10.8917682067946,-16.2224806566498,-11.1608795268186,-10.5249448391736,-14.5816980784419,-12.8505086739427,-17.7954702120491,-14.4708477392197,-10.4870637594133,-14.6845373686901,-8.2894217942215,-12.6286576251239,-12.9879585068792
-12.9048513429892,-14.9779088380056,-16.6572900107699,-8.41035536205381,-15.7865684896203,-8.8337799525847,-12.0763095957838,-13.1611043898088,-14.4373128973563,-10.9792742623314,-13.4586477996945,-17.1850254729796,-9.16298152298762,-15.0487828962837,-9.23448925637122,-6.61907400279476,-14.838461752116,-16.7379150667409,-14.3651006785334,-18.7482245102217,-16.0043098309644,-12.1224930273358,-8.54821776674633,-14.2120314129989,-15.8276408608484,-13.8650461330177,-12.8834095437027,-10.4904481489323,-13.7272891687132,-9.28497895732465
-12.3487419022288,-9.66608055883391,-15.308567753997,-12.6621715931774,-12.8499051297204,-10.6621417591615,-12.5373231747367,-13.2902201083456,-10.1285061515698,-13.4086272110911,-13.8093001944447,-11.3316382491405,-8.51391355394762,-13.2238871307551,-10.725758064201,-8.37358859730482,-10.6494467846555,-9.47778687264993,-11.8031872617197,-9.08589719696721,-13.2128224963995,-12.5974288930443,-12.836531054866,-9.21252511707177,-11.4155866771404,-13.6326471093747,-14.5821016248726,-12.3364094576799,-13.490087464401,-13.6907908161448
-11.5187165022898,-16.3416197137878,-8.71059255571448,-10.5150759781017,-12.8222973479994,-14.1093551762871,-12.4604177346618,-15.2628436091462,-15.3504282499253,-8.09065343361666,-10.136681921033,-9.30685873545751,-10.6529569157825,-16.7324321301327,-13.0729550506733,-14.2876220733554,-11.9759489280954,-15.4168530323909,-10.0331568285373,-14.6014255327495,-9.12072920855378,-7.72810427245738,-12.1574580345129,-12.9942727914384,-9.74751709358949,-14.5746206616881,-10.3640555733835,-14.1337035689663,-8.58523707631645,-10.0722626221828
-12.6874851395452,-10.0591645004572,-10.5203326106836,-9.5810715809597,-10.2287397190687,-12.8140424215869,-12.6756752685057,-11.7483565712745,-10.4711533175685,-10.136638637029,-10.9667357078413,-11.1922137686984,-9.56892397497777,-9.86312513598654,-10.952726705432,-10.9657521050435,-11.1420705171027,-10.5374236014228,-10.3120949774884,-9.45757437316021,-13.4072673526811,-11.6050877044554,-11.6143916212835,-10.3640555733835,-11.7195056367364,-10.1530032478042,-9.96336545462399,-17.096740064235,-11.8111229870762,-14.4153353219942
-11.3670234940449,-10.3728163357799,-10.9500428426319,-11.3768952167568,-9.46324997436926,-13.2731072438792,-14.6393794269185,-11.7247438949747,-11.97395674216,-11.9205781756359,-12.6211996104931,-12.1090786436798,-12.0524949667584,-11.9389102884288,-12.5303001106313,-12.0576534072922,-17.6783079973417,-11.9991664927067,-11.918859059586,-10.1266260157066,-12.3190415578815,-10.7738781005507,-11.3525447375395,-11.701026562385,-11.3418658864581,-10.5910949314074,-12.4406089689161,-14.86204824659,-13.0179508570774,-10.1286964834597
-7.77952069591313,-9.45453480583552,-9.37586491288499,-9.66825804700922,-16.4298819082339,-14.8724575936938,-12.4406089689161,-13.8802134052323,-10.0212810104677,-10.6152099469116,-12.6572560228639,-13.5393557086986,-10.7544682083711,-10.8340961732989,-9.94071825530655,-15.9377381399115,-13.6058837197539,-10.6956105834289,-7.23182106237677,-8.5743137298662,-14.030620915446,-7.81685547147102,-9.86283641543425,-11.8379956329333,-17.5982493761172,-10.2120336708675,-11.8159024644266,-10.4622998939851,-9.32517490140925,-6.84891714128076
-9.72445964565947,-9.43378545520425,-11.186147214353,-9.1720701729776,-11.9346528442777,-9.03487347095415,-13.1303515821655,-8.89312463623434,-8.38403799213873,-8.32671376989056,-15.2409845085926,-9.32353656708049,-9.86716913419843,-9.86655500856526,-8.4694240739006,-11.1727929276843,-8.5238567280124,-8.96729067774591,-10.3575456004323,-8.58961984284733,-9.74853999641899,-10.6480456981991,-11.128387072783,-11.9860215990913,-12.0487551821733,-10.3422915049786,-10.4023157862771,-11.4777594573443,-9.66825804700922,-9.50141832395662
-10.4843760184951,-11.4788363417045,-10.0194602152863,-10.3956250456865,-10.6536518338771,-10.2680302371819,-10.072939809687,-9.22582499241473,-10.9575812077719,-13.6975705369309,-10.7199089913947,-8.81272829175976,-12.5098944205718,-8.73014920577661,-8.96729067774591,-7.52810793331658,-11.7771741652721,-10.3773690748663,-9.5457641998507,-8.2498817797323,-8.5086084236883,-11.5573506766771,-11.2789893014114,-11.3830646420961,-11.5807710368364,-10.371366909453,-11.8584593679623,-11.1250976250036,-10.3862081210608,-10.1014393312533
-9.5333689584396,-12.2540417447082,-10.3843808748565,-14.1899541478294,-9.58513822784334,-11.7486514645838,-10.5421608154779,-12.2877599743545,-11.0808763612772,-8.63274665811476,-8.40036357189375,-8.6360290470672,-10.2418927259989,-11.3613653401587,-10.4256662754315,-9.47658951999232,-11.4123929757966,-11.3193062773772,-10.3308722397862,-19.6902253519114,-10.3766030844583,-10.1734262061153,-10.4277339216134,-8.60795366262553,-12.160714799197,-10.3940774851498,-9.63056076400061,-12.253378057076,-11.4788363417045,-11.1051817786642
-10.2442890771177,-12.4113640074925,-13.2322852838909,-10.209828711353,-9.14219268978648,-12.4422662883363,-12.1658316360631,-10.9144369513597,-11.0422246304162,-8.25609670414063,-7.82935654517178,-12.1048011233161,-11.8017877930363,-10.5467755668365,-13.5633325511808,-14.4887286047927,-9.60833544296085,-11.0015441580715,-14.7351337417673,-8.45799593744431,-14.1929709051746,-10.865338149462,-11.0731997137599,-8.31496840867423,-8.53484320236076,-12.9565421078437,-9.70586830945972,-8.56891062992841,-11.6189808871352,-9.22888073951293
-12.2900781467295,-9.483030221453,-12.8019447282606,-8.61880042917957,-10.268777006387,-9.99887349585864,-11.5883400945023,-10.7689929907482,-8.9833151495026,-8.93958504772511,-8.1687023872592,-11.3339663609795,-9.32258918704002,-11.0676086474941,-9.23267962865197,-11.9826208649207,-12.024367925765,-10.9044665864902,-10.0406657672603,-13.5633325511808,-12.8745591845654,-14.7351337417673,-10.7019903407399,-8.01810161319678,-8.77860833479828,-9.39301434743923,-12.596305924267,-8.71160759515265,-11.7303439625124,-10.0775743401325
-11.3757222389346,-10.8327352457571,-8.8770189317582,-14.8683556062154,-7.54844291914445,-10.8910569849615,-11.2766021216257,-12.3546946234654,-11.0070133857531,-7.34740634878098,-7.90142982161018,-10.1591401044542,-8.95833028380717,-9.14176430154382,-9.92424113857815,-8.95758432545286,-13.3423009566499,-9.32258918704002,-10.0477452899863,-9.52559833620552,-9.0311389598642,-12.7161235495555,-7.64522822747772,-9.67890707339265,-11.1731562218263,-9.55487826732792,-7.35201603240036,-10.7689929907482,-10.6758028718183,-12.0284493594189
-12.2057182316044,-8.0249920232331,-8.82159127660568,-11.8629484867129,-9.17734625749941,-9.82178164279662,-7.83701603620552,-7.77830927823208,-11.6146788542165,-10.6830392346898,-10.7564931684869,-8.52302114721834,-12.5925135955194,-10.8507151066643,-8.36323072779573,-10.5420124468251,-8.61625861544857,-13.2129227316532,-13.0953192808015,-10.3659727978829,-8.46993660429741,-10.08064714115,-11.0076820191241,-12.0284493594189,-9.85069139194838,-9.1218902368941,-11.3189080334552,-10.9210965976375,-8.2882131469907,-6.64186528103465
-8.50155684752966,-11.4516997123264,-10.3240083769778,-9.18858733393663,-9.63979235102237,-7.42682835607045,-10.6830392346898,-10.1074377749545,-10.7925706282904,-9.02676334673448,-11.5683264507795,-9.11706500890613,-8.27816345129716,-8.77296386361163,-9.53258512442411,-9.8811395603498,-8.43610330043236,-8.56747390165679,-9.72532149156648,-7.37256752412486,-10.7196178321222,-7.7297890902038,-11.049635888214,-8.2932417155612,-12.6108337730053,-10.3350199652529,-10.1745645127439,-12.772487853951,-12.0269926832258,-9.78169843403938
-9.71269281152416,-10.3448594785586,-10.5977274202658,-10.028664059404,-8.90503175432395,-8.61684113803155,-8.75304526598373,-13.6153569796607,-6.26417745855418,-9.63276203628409,-7.13896940181494,-8.48144523557113,-7.01624880546248,-9.42352188149439,-13.9643556861368,-6.79743496922622,-10.0757630256389,-9.70363061467971,-10.5477037298562,-8.47603146178001,-10.8875854079658,-7.82961792115105,-14.1053671778191,-11.1247530450276,-10.5881293702734,-11.4732585630962,-7.06950474488304,-8.26922461713447,-9.85945207166164,-13.3387322425736
-7.67797585148126,-9.02347298258791,-9.40150232927619,-10.2724420407084,-5.8972760548632,-6.87762412216521,-9.82997159889164,-11.3325557157358,-7.84317048912683,-11.4304441706845,-8.40023409662662,-13.2788865429978,-10.1021631815284,-8.76840009611121,-8.64859625114744,-9.66240448335854,-9.11496993323315,-7.97520561953679,-12.6207622616108,-7.796479899998,-12.3836673700573,-9.63276203628409,-8.27646912864173,-9.53885498230204,-8.14491730133041,-8.48634537369519,-10.8326750912786,-7.83772206240669,-9.26251234122287,-11.5903836242478
-10.3635104294798,-7.02697358681819,-9.27009084617085,-9.71546754905303,-6.40800318010205,-10.6891847389478,-11.0273791800308,-9.94700098185342,-9.26169629033292,-10.8326750912786,-8.64394126602491,-9.63434910594344,-12.8925021557745,-11.1115715653277,-7.78636779000245,-8.14868517266308,-8.81230452222329,-7.66413011464151,-8.08661407534275,-9.31386256945857,-8.67516060127548,-7.72116595631649,-8.88641682932281,-10.8641314201904,-9.21986089620794,-8.84579101124393,-10.0603192704445,-8.35849852973718,-7.53322050327921,-9.76143795102282
-8.29797475346309,-8.40257532750275,-10.3635104294798,-10.7940398430945,-11.0760208114306,-11.0270684104231,-13.2062632182378,-9.07314379316383,-9.54836662948683,-9.74016838793695,-8.38325582610814,-9.29421816052262,-11.5034133330362,-10.9106792447946,-8.5962037734248,-7.76556773896054,-9.62258224321902,-11.451206839638,-6.78031255307007,-7.58633409498526,-12.385167672038,-7.81912149050093,-10.0510196994259,-10.577332614903,-8.81793505792509,-7.19910572255489,-9.35001602553622,-10.0955532454365,-9.87927700285006,-9.3274961714645
-7.76556773896054,-7.84717753936647,-9.29421816052262,-9.84409810540145,-8.04843281127434,-8.79213198449419,-9.72783994558457,-9.51552320481292,-8.54037236401795,-10.0596633272673,-8.98235874772181,-14.2146438440732,-8.5962037734248,-8.27848741364579,-16.3831064056408,-10.577332614903,-10.3527194931325,-8.06042470105181,-12.3241803628453,-9.12545364537487,-8.99108769237899,-9.16437778703734,-14.9029348313529,-17.5288890059035,-9.74554074816504,-9.76752800873696,-8.79162971544413,-7.57734591654396,-9.33982535294664,-8.51097847665216
