NaN,NaN
NaN,NaN
NaN,NaN
NaN,NaN
NaN,NaN
NaN,NaN
NaN,NaN
NaN,NaN
NaN,NaN
NaN,NaN
NaN,NaN
NaN,NaN
NaN,NaN
NaN,NaN
NaN,NaN
NaN,NaN
NaN,NaN
NaN,NaN
NaN,NaN
NaN,NaN
NaN,NaN
NaN,NaN
NaN,NaN
NaN,NaN
NaN,NaN
NaN,NaN
NaN,NaN
NaN,NaN
NaN,NaN
NaN,NaN
NaN,NaN
NaN,NaN
NaN,NaN
NaN,NaN
NaN,NaN
NaN,NaN
NaN,NaN
NaN,NaN
NaN,NaN
NaN,NaN
NaN,NaN
NaN,NaN
NaN,NaN
NaN,NaN
NaN,NaN
NaN,NaN
NaN,NaN
NaN,NaN
NaN,NaN
NaN,NaN
NaN,NaN
NaN,NaN
NaN,NaN
NaN,NaN
NaN,NaN
NaN,NaN
-78.4931065378139,-92.5213355856073
-76.8568733771285,-84.1406964139605
-77.569673246937,-82.6328131269712
-47.1337905763064,-69.6653739930682
-42.5005731319274,-64.4963506626571
-52.0949824079211,-71.2835247433883
-60.1763979574175,-75.599584678305
-38.5727109255287,-59.2868303268535
-38.1732919833681,-56.8899135476098
-39.6976131483538,-57.6496875698678
-34.5070744010992,-54.5202154279318
-35.7380239738711,-53.8971466678356
-44.2823379247284,-60.1958106776197
-61.8964517070642,-69.8954232544985
-55.4615478456365,-68.2175476682092
-34.0987284076039,-55.2171246277378
-32.1505841901586,-50.8844390725637
-43.5445449276027,-60.0171307283867
-37.6732208120844,-56.44036319399
-33.6049436961549,-53.7549665616437
-33.0616586677594,-50.1686930235114
-31.6235844410921,-50.3276446176603
-31.0061108557514,-51.5508173933133
-32.6038664794565,-50.0302311134483
-47.857702281022,-60.086315690655
-57.0159518704823,-65.3745486014193
-41.177372594411,-60.8484016839237
-25.9959371733848,-50.8497888337968
-33.4153200022487,-66.8571647097093
-51.6136255215941,-64.5027004522351
-29.1666406583622,-52.4774357525681
-27.6793461178409,-49.6814085909152
-28.9433568062885,-49.6377068536904
-29.6082532825441,-51.3260815209108
-29.7768636776272,-51.2933633527102
-34.3374719093323,-52.3478288501995
-52.3159542719943,-62.5135421634903
-52.558740593833,-62.8414483865291
-32.5779198408209,-56.1367592418716
-23.5969764426445,-47.5903575324369
-29.4411788222978,-53.5951724205827
-34.1535681641365,-53.9614806362605
-24.0454087865919,-43.2879933966025
-24.6627357235254,-44.6754627832442
-26.7255077509793,-46.9887887727931
-25.8771777704208,-47.8028955347121
-27.7191722929125,-44.9221277698337
-32.8712925884126,-36.5590567623639
-38.2085821100261,-42.3656353620473
-40.1880206542183,-46.2990101409639
-24.7509233033318,-46.3083345374308
-20.9569088121672,-45.822334036124
-34.4035638639682,-54.5738094502591
-28.4713823134092,-46.5192590015749
-19.938456549802,-38.7372103216868
-19.993283146344,-40.3737762961771
-21.9849209046715,-43.2472279823606
-20.9258953830834,-43.2798610922103
-22.1739599882496,-42.8028608027367
-26.9808498975432,-33.9847580664625
-24.9822331781732,-37.6228564188547
-25.5033294290879,-40.1086961594333
-23.7640540211058,-41.6125672587903
-18.0739449081444,-38.062112924976
-24.3131123018097,-41.020619847875
-27.5421281139373,-43.8072673477922
-18.0727875841597,-39.4525680926673
-18.967219328943,-40.0664073778814
-22.1941906118412,-43.7821264971926
-19.4830501640233,-41.9867818899692
-21.198308251788,-42.6828160949668
-26.6268777452364,-27.6663226796445
-36.9693023114203,-38.7267976863185
-39.0442660167257,-43.9527194527759
-22.0001262728285,-40.4202881292269
-17.1423062618075,-40.6497023816308
-27.5019440139528,-47.2546605002219
-17.2108721436516,-29.4674379027924
-17.1103414584538,-25.9227246748464
-18.5301403769978,-31.4340531681391
-19.6319108790373,-34.2492226186849
-15.7717187831853,-20.5292786953434
-15.8122419986527,-19.1605513647622
-16.2449243808042,-20.6658070511806
-21.2215578492906,-27.0880574929792
-19.5136189740109,-22.3314770263471
-14.2595400047431,-19.6531390411162
-16.6212255053084,-22.4450855497968
-19.9300109893672,-17.4839495705447
-14.8644056307936,-18.4432504215788
-15.2897523252079,-17.212503657346
-16.5774628736479,-23.1518817628293
-17.7716210641954,-19.0069694252031
-18.2567324169123,-17.3156112083831
-15.667494933958,-22.9658966274757
-14.77195681333,-23.5846546710082
-18.3048038901051,-25.178840030462
-17.8299267150314,-24.7167625356035
-17.7093281451264,-22.8597261287178
-17.1849644633519,-21.9025568472787
-14.668092590086,-21.2430747117407
-13.4385677904026,-22.4339069229653
-13.988013620158,-21.4211774267364
-15.0389200256139,-23.654725202352
-16.6266877638158,-25.0932274269728
-17.5581792712142,-28.941829468064
-14.6069508519786,-22.126737515426
-16.5794662186086,-24.0555923205987
-19.2575904502718,-25.4945912494679
-16.6873495607154,-26.5453393488964
-20.3194754477474,-27.9765474488125
-23.5340670391999,-33.3348826951963
-14.3898869769203,-31.1952459069977
-15.1546532678044,-36.4231075320114
-17.1558404044767,-39.8830669090658
-17.769003740164,-36.7591885404878
-17.0764577507046,-39.1871144061694
-16.3930521783478,-28.487672085158
-14.624868378779,-24.1535872319756
-21.9931762140971,-31.6830737518206
-26.7906277588285,-36.6928159864351
-21.2327435801391,-35.144206460693
-16.1593366864204,-28.3575889321432
-16.9286989519164,-29.2856275728451
-13.1889987576882,-26.6211808084028
-15.4828027827785,-23.1426853762688
-16.0804128487321,-30.863926850734
-13.0096453768301,-24.8057337278992
-14.0199080442227,-23.0946603886697
-13.5976003836297,-21.3340405065084
-15.5090660689059,-22.4891400403217
-17.2849153699737,-27.0044966906786
-16.6591708084774,-28.6038254764924
-16.9937191933116,-29.0703980629931
-17.9761957028221,-29.8045108213918
-14.4767833937849,-28.9425674316112
-13.4667377795004,-31.263811916439
-15.4281257310556,-31.8608945406646
-15.388807364182,-31.427694766868
-14.9705522730105,-31.4913896142299
-15.349893385861,-31.2183407702847
-13.554985450775,-20.9089698306022
-18.1050465299186,-26.4942583383822
-19.1530184648231,-32.1113494298802
-21.1778447722816,-33.4289263218277
-23.1502927085609,-37.4877878285444
-23.1805440198489,-38.2292873152855
-14.422932531975,-34.0000602128172
-15.8458592476573,-36.4310156257197
-17.074925655749,-36.9321806401206
-15.9114321384057,-33.5569965943889
-17.8934709079022,-36.4743863458345
-16.2959860642164,-25.7772170208972
-15.3477375072284,-24.0331145164201
-22.525768422408,-31.610810670102
-20.2611942019812,-33.185306478948
-20.6057811736553,-32.7973947284189
-29.0189144341676,-39.9867665636919
-18.0975749136491,-35.5385872464328
-14.078596537113,-34.5950228924693
-15.438548260115,-37.3697505356643
-16.5779536773647,-38.349645323984
-16.7324819549538,-39.3818539913884
-16.6333296980664,-38.7275169963773
-15.2538752461589,-23.222612724492
-20.8351438763077,-28.6532158902328
-26.5462097728961,-34.8535203379565
-22.1438665640291,-34.6676266937051
-22.4167934204918,-38.8063059249697
-24.8486067454924,-41.6977918553251
-15.7559949610446,-35.276750486441
-14.6559539916149,-36.8889781850283
-17.2496274424166,-39.5700610052511
-14.3334026419728,-27.9446846213072
-17.19006163882,-31.817802447628
-17.4355626242911,-27.4820587067602
-15.2363476843538,-23.4782125804097
-20.7135114351933,-30.2509812894681
-21.969040858419,-32.7609629115021
-14.360296122546,-24.0243773816426
-17.1980312616814,-18.9479978488327
-18.9589475230095,-24.0797201890017
-13.7247620730936,-15.8324278305887
-15.6884289448377,-23.1195747195714
-17.197570241079,-26.3375917920791
-15.9450137637694,-24.1368771641001
-14.0116324047159,-21.6887830016673
-13.3667808025404,-21.5383997732261
-16.2842631856043,-24.7776175568525
-18.940676657408,-27.456096619493
-17.7941360565302,-26.9344448971089
-17.8467678798486,-22.402738153365
-17.0409161355021,-20.61933715713
-14.5651014690321,-26.2159787818265
-15.7084781716072,-32.9807661638044
-17.6757857379503,-35.3399359229722
-15.3094434421927,-25.5760451947353
-16.9595647536183,-16.3402864411163
-16.9812498428008,-24.5332505601607
-13.6579492809892,-21.8341706214394
-17.0768728600649,-25.423717803391
-19.4978529322408,-27.621682854208
-16.3239713258787,-25.3524209847196
-21.7876170774171,-30.369020006506
-20.1586365790599,-33.591923098193
-13.9019736429545,-32.4148714026714
-15.2042295197117,-33.2410302422654
-16.5664653706927,-35.2296724667835
-16.8493243309748,-36.4199040440658
-16.4626377506663,-36.6741045522116
-15.4139253840722,-24.2013662299064
-16.7189082761823,-25.0140154061346
-22.2267111527818,-33.9671941485011
-21.0228407274694,-33.8302400139501
-19.1824663132262,-33.9058764699916
-21.8373596930865,-36.9237879439266
-16.4817104818914,-35.4012654226377
-14.6232673951741,-36.0323567296099
-16.4226814165054,-36.8729455544845
-13.5563459651221,-18.3137107540989
-13.5537028398969,-18.5388298648533
-14.790387100071,-17.1253041502996
-15.1761929547126,-21.7263274303925
-17.7808613424618,-24.1574157983662
-16.4776875477873,-23.0982407967077
-15.767756327273,-29.9073002993638
-16.9674083108621,-30.3251430973333
-19.6009705601898,-36.8369374329499
-14.2329336875265,-30.0973846830756
-16.1578328808953,-30.6844669378228
-16.9428626369596,-34.2184776005303
-17.9162732532835,-34.5653077156523
-17.9584808034809,-36.3349634476439
-15.5351306865234,-25.6684284257468
-14.6762131943549,-23.5001277308008
-19.1325815086963,-30.0925565787879
-22.3585023235297,-32.1671295873777
-19.453674676055,-31.5206810595787
-21.5710736314822,-35.4196308090015
-18.8171627492323,-32.7506756473378
-14.8700104586098,-33.8809864381041
-16.2530353310454,-35.1742234152403
-15.1414964580713,-31.6202233397392
-16.6659364344082,-31.6441600541965
-18.0026368666659,-33.8727246965165
-15.0889587778041,-22.2387795078726
-17.8580600819129,-27.7353723567083
-21.6587220563222,-34.8182778384499
-17.1280859503645,-31.6677480671157
-21.1489818992601,-34.7037619658935
-30.183993103685,-40.7897798154019
-14.9336388642541,-34.4682087971097
-15.9733808810481,-38.3278244205138
-17.5995257824922,-40.3478396870143
-18.261166981157,-39.5671446243383
-17.9373011344005,-40.93391090192
-17.5557405250098,-29.5339361248558
-15.0461457924067,-23.2658405186788
-21.4970837275544,-29.8185217917996
-27.0648911723437,-35.7006637267615
-17.4029923595854,-29.8262084970705
-19.2228619197359,-33.7213754626833
-16.1459689685323,-30.7997494521609
-13.8232821106337,-29.3075576228359
-15.4157857256559,-31.4155371824508
-17.0184073062161,-32.8223735240509
-15.3555892383258,-31.3302690715993
-15.7545818291435,-25.884141953086
-13.9975468154807,-22.1176795427315
-17.2984347438002,-25.1063777851262
-20.2255625798728,-31.725089404639
-14.5502169249402,-31.3017515968551
-23.4742146700205,-37.1998446935708
-24.888180925641,-41.307041584836
-13.5659846106231,-19.2264112659973
-13.6997042642568,-19.7371756647105
-14.1028187715381,-19.8345081401367
-14.4201698366355,-21.3754518362722
-14.0846380212786,-23.7092192975744
-13.622521724781,-24.5208587320937
-13.7028580206405,-21.6522200909972
-15.5918591246124,-26.7123516608044
-15.9776676544687,-27.5076985884339
-16.043806719019,-30.0518826475508
-19.7993396216778,-33.3171369982522
-15.5802199183961,-25.9339569423352
-14.1857484376193,-20.8763626546885
-14.1626441256829,-22.0736604041434
-14.6088052322647,-24.3182865435874
-14.8804472520386,-25.8587463601914
-15.5302671140678,-29.301733652075
-14.0536087011331,-22.8984169167092
-15.6948552874435,-21.3294461604916
-19.0172030635437,-18.2244448040535
-15.514157132417,-25.0660602912957
-21.8377575182805,-21.9978956397071
-24.9223586693691,-24.639746264036
-13.6511485089313,-22.2272400233392
-13.9688480227795,-19.2062243673174
-15.0962246384944,-21.0390608981632
-14.7129701612981,-23.1172256128355
-14.7036692560302,-20.2645598063811
-14.6029318357708,-22.7254133573879
-13.9297802319855,-20.2620722692498
-16.0049464444805,-22.0304078238771
-17.2640276225015,-26.3680266300351
-18.0984474522308,-21.6712037077202
-21.6535924713749,-15.6886153043376
-14.7671795093204,-18.5399540275787
-13.6371871801729,-20.011314155136
-13.5813299253793,-21.910001937059
-13.9937673661095,-21.6621667322527
-13.4701623647244,-23.5942078071632
-13.8517211809681,-23.8776132947937
-14.3894546262029,-22.6614526738857
-19.3325859368033,-27.7281658317306
-17.4781677049164,-32.9392941743821
-16.3702213423557,-36.0202159970951
-22.0386251126433,-41.7545951493752
-15.7869721875649,-31.4625028326579
-14.2822199699846,-24.0539705869983
-16.6155732920255,-30.069295533775
-17.3214946841817,-31.931978238114
-17.4599994389463,-33.372045390916
-17.7332276698174,-32.8631801926761
-13.976459739304,-20.614166416646
-15.4453918002122,-19.8020813658607
-18.8549001917084,-26.1818996134557
-15.0954762179044,-30.263582847882
-20.3563767854546,-32.3583661186268
-17.4770528254699,-31.557991050229
-13.101136434938,-21.8792676049589
-15.3610624601374,-25.2890178617447
-16.1234905852334,-31.9816084153392
-16.8561124912284,-33.000607371072
-17.1984716282007,-34.0177686856345
-13.8350366548243,-23.5995581102617
-15.4899940501065,-21.8776324012942
-17.6069519194793,-22.0286521538354
-15.755045892508,-22.8784967940529
-21.6022313317453,-30.0055196499809
-26.7673339242769,-34.5229137292676
-14.8842310403935,-20.9941121162796
-14.0355888717172,-18.571185160511
-14.7236138652783,-20.5127148852852
-14.5619152638246,-24.8682982682731
-15.0464790697557,-22.4452247670972
-16.0742598161216,-24.9826936047816
-14.5158062741258,-17.4332141630854
-19.3045016689722,-19.2067290984763
-22.9405346263986,-17.5422940792548
-24.1054116878971,-21.6301066741264
-24.8735465103436,-27.2174960731472
-14.6270699142746,-26.7489094193821
-13.9392399850361,-22.3128133395358
-15.9439110154145,-21.6402724263788
-17.2134824895007,-19.6954301477058
-17.4712503999189,-20.7085485179846
-15.5365893354128,-21.8204856412978
-14.7601524127129,-20.4662767342587
-19.6255535167313,-25.2579829571982
-17.4236527292862,-31.5590863038952
-14.7994791158881,-34.7611591752907
-19.0553520764396,-33.6759561542049
-16.4710011492032,-28.3445165511686
-13.7501883281196,-20.0326011412187
-13.1824057997745,-18.1405498586261
-15.793594466624,-21.2526322117379
-17.0345175451129,-25.9887599732004
-15.5397072015081,-26.0609041892009
-14.5083902988765,-23.9700968135217
-16.2156944524246,-24.5253904499786
-19.1679301374874,-28.1665895304444
-16.7322769579034,-29.1983437852934
-18.7850760273404,-30.0154968331734
-20.12749553959,-30.0636481552426
-13.3364860395492,-25.3377214475465
-13.3247239052627,-21.2670453676681
-14.2559349276429,-21.9788224349344
-17.1528679228693,-27.3974531885841
-15.7804423623256,-27.5739881167001
-16.2303097691431,-26.8024546568704
-15.2836150502125,-21.5753428085423
-17.9352915921837,-28.1349214835995
-17.8896931124295,-29.3878574023952
-19.2229067132537,-27.7118489047564
-18.126683949067,-28.9325571886457
-16.2107166821134,-28.2115383201214
-13.6583239116573,-23.3964515469509
-14.9558755336345,-23.8784189840796
-16.8180815172887,-27.5345374345395
-15.6570015167929,-26.8065000973724
-17.0596883643938,-26.819712506565
-15.290948215154,-22.5726886195768
-18.3760471716181,-25.7801081185189
-21.7723791734422,-29.8348931689804
-18.10460181167,-31.1034400817526
-23.3593088723419,-31.5400206255586
-22.619391044807,-25.1900117042727
-14.338914107241,-25.1672870799504
-13.9671425400646,-24.2160999378525
-18.0669575952992,-28.8315127559045
-17.1801656633193,-24.217852537991
-20.148816291318,-27.9608231697556
-16.7427520719911,-22.4327735644072
-13.6806923102246,-19.2591024483734
-14.6085774049878,-21.2677938542213
-14.4610000207256,-20.0095350246755
-16.6389433665002,-22.4817030989754
-16.3847207301801,-26.1738518356263
-15.289504270611,-26.6686060887142
-15.0357310382418,-27.1905406523728
-16.4288419116881,-29.0644461687564
-15.6484923770975,-23.6232781684795
-13.9432291281798,-19.8887793207717
-14.0802239526805,-20.7600811232639
-13.9229643851636,-20.3280253452287
-15.0230991639924,-18.2186695991518
-17.7188791598471,-21.1714196102303
-16.0760950070364,-25.5347695598378
-15.3168719115243,-23.9221899704785
-15.2445045590939,-25.333855493238
-13.9864085569889,-27.2230291048649
-16.166328993643,-26.7265829850053
-16.5188319623484,-26.1247266992743
-16.6490232854006,-25.6326372872996
-15.7979577340141,-26.3380501218591
-14.3216718583909,-22.6292667942179
-15.9060013271264,-22.5814089229444
-18.906206701921,-26.0987280206091
-20.5056262869483,-28.8679372603133
-24.202524406114,-30.5558192530328
-23.870313500314,-28.5544565847617
-13.860073803555,-23.3008886295475
-13.9348194564379,-21.3651561301282
-18.3498460897905,-24.5552240436803
-16.5639801196608,-24.6788876732263
-18.1055131598583,-26.8421994132189
-27.6225884514799,-34.4499839408626
-28.5469928560581,-27.7345118171686
-35.151019572923,-37.7300525503836
-38.2755225127691,-42.8390297987722
-39.2609367055101,-45.6981103176555
-39.44182045037,-46.7080811017134
-17.7944278673901,-29.4315043656871
-15.2758485138673,-24.3579588236202
-17.4343295075624,-30.2154465631317
-16.7843455998771,-25.9777982517055
-13.9589482476146,-19.1803430577307
-14.3500514070107,-18.6033439861697
-15.0450391939811,-22.0435768406058
-15.6073635229425,-24.4981517483419
-14.940074880859,-19.097649797406
-15.1121651770297,-20.049699273634
-17.0460791704356,-21.0151023764622
-20.5328854454689,-17.0022790387459
-15.238080530881,-19.1421409242901
-15.0451954890416,-26.3344035876575
-16.0204887654956,-26.5021266112622
-16.1752565622108,-30.5635561096424
-16.230017242071,-31.8390443555761
-15.2232488653497,-27.1423973463334
-14.7174548451831,-23.2498740482724
-16.3432459469559,-30.0282202941221
-15.6797947750034,-30.9367279205836
-14.4589601706178,-29.2464108004788
-16.5336089260803,-31.0276117436288
-14.3142060190397,-29.4979037007545
-13.9828655423034,-30.0770492706405
-14.9913004888095,-31.9160634778654
-15.0414250476474,-29.1546684163376
-14.681221733127,-28.9840870788981
-15.136503793774,-29.5844349072034
-14.6072980659194,-23.3006446253678
-16.318676981896,-27.5426343310641
-16.3053006483822,-29.1667459643923
-15.189901364328,-22.041753417021
-15.1568163493291,-18.497503085169
-17.4763477264527,-22.2458943860642
-15.2643778629388,-18.9112549589804
-15.8996418232687,-27.0123375849351
-16.6031670615,-26.4077278882833
-15.8976250847613,-22.0160666327306
-15.2454501294188,-22.3143188253535
-14.8608248170304,-20.7266607709837
-15.4427814640157,-21.0782189710782
-19.3059030692688,-24.2695207106012
-18.4265875913519,-23.5393980494896
-17.9689302479351,-26.3159400832101
-21.1050351504111,-32.329225526125
-17.8178136920522,-32.9254846899676
-15.2537608856723,-32.2197848774872
-16.7150241830296,-34.4976289797381
-15.1538479125179,-25.3062507518862
-16.5786942120623,-26.8437204432258
-16.397549673495,-22.4854649480224
-15.1177990045027,-21.7645119949154
-16.4379143192309,-20.2173177256344
-18.5831078194768,-19.5504445025531
-16.5430097710158,-20.129709435563
-16.3187023945044,-26.5460300466054
-19.5286070864667,-31.2657373389634
-15.100158405733,-29.6050842807552
-16.2758574671024,-33.9776026810959
-16.6296977356963,-30.5592743220316
-16.2771177453836,-25.3814610755099
-16.7468753145109,-24.6625691708039
-15.4371033319397,-21.9600174838157
-16.3481773698612,-21.0277845161972
-21.6629916638318,-25.45196600182
-16.9884694214532,-24.8890992098587
-17.6044572509348,-23.5246140975265
-18.6047565232656,-24.3543874388482
-15.0829623194281,-23.301609725935
-15.3581504868589,-20.5735878151122
-16.374209179132,-21.3549382162903
-15.7082185402557,-22.4033785108588
-16.4258866677898,-21.4872021914226
-16.3803037180348,-20.9597025071845
-14.6212263830862,-21.2647119445459
-17.2562177703955,-23.4807122542071
-18.9330372263023,-24.7914124308885
-18.8300239409695,-24.8810077290192
-18.8679668993476,-28.1402788352618
-16.9935890094846,-29.300901425255
-13.6721122302969,-26.8264095522079
-15.2429781687155,-28.8208981249153
-16.1354203985897,-28.3093360676187
-15.4664790827595,-30.1656051053648
-15.5719625577531,-27.4113312846849
-14.7194042054592,-22.9254035873067
-17.6073688370811,-26.69601074907
-20.4889150729358,-32.1050071472393
-15.914401691199,-31.681060385686
-18.1607288734213,-35.2454108812673
-19.2433793271817,-36.7750230155504
-14.4816379506464,-31.4711782394269
-15.463735470389,-32.926071716029
-15.5646995967531,-32.8712256684244
-14.2792931896837,-30.3975353316704
-14.5418513580723,-33.2394771826806
-13.5603386119516,-24.2380274474587
-14.3129171800328,-27.4290307237341
-14.2889536577155,-25.1378796457659
-14.4987838453396,-21.6437105443615
-17.0800090989335,-21.8976484240072
-13.3122125778471,-18.9244917318638
-14.678658156356,-21.0107126775984
-15.530524544576,-19.2369186668608
-16.815403641431,-17.2780932559467
-17.1595961471977,-20.5001773207373
-15.9923197152068,-22.8047406479484
-16.058600213763,-19.9903291235996
-14.1460797163828,-21.1165028907308
-19.4933272556742,-18.2797078816494
-20.8415577240038,-16.4460449332158
-16.8462198944802,-25.1227276747393
-16.9913726492908,-26.6412559660985
-14.3420717261661,-24.5870000890017
-14.4702510098701,-25.4378013234733
-16.3632628048126,-28.3476045510492
-17.8932718662254,-30.7587540821002
-17.9472350902727,-29.6230250837532
-18.317401585388,-27.4083854669473
-15.3918526577307,-25.6603439220913
-15.7308459457081,-24.4491967722691
-18.5714828524074,-29.80697699377
-16.6475610042985,-30.2026010047329
-17.8007085057476,-32.4298524398837
-21.1477230420267,-32.8559829863448
-15.6739756284212,-34.3498721140199
-15.8374953527532,-36.6860491359397
-16.7250465306962,-36.472649196893
-17.0699402267919,-34.8744489622234
-17.373087270335,-34.6784730449163
-16.9019977951878,-29.5428268142103
-15.1163783206077,-23.3709804007101
-18.2570275677038,-29.7007342692201
-19.8838249840266,-31.16406469549
-15.8165861748411,-18.4155686120117
-18.103640072824,-26.2328350050502
-16.3985064729994,-25.2927771220352
-14.2344324735302,-30.9237385052628
-14.6730515911931,-26.9747548955637
-15.1145056047703,-27.1125210438726
-15.943208849665,-28.2659758416805
-15.9004961811647,-29.1162975468753
-15.349004806933,-23.0688500670219
-16.8446465744941,-18.178467022657
-18.1941841798066,-27.007742584288
-15.0500208547843,-27.9761351456994
-15.7091313659441,-20.4283906351784
-18.2574861223478,-26.7923231189546
-14.3001892972634,-24.838819162896
-15.3132113788152,-19.4356497679649
-16.0379155284184,-23.5015215600928
-15.1533240946975,-23.1060471967834
-15.0033411326222,-21.9974819996369
-15.3067710137534,-20.6321596277973
-13.5941559990633,-20.6521312923818
-16.8092635828455,-22.438407355483
-17.896934136003,-23.9155540582411
-15.5603817057069,-22.9880515137964
-13.8329871412618,-23.7028013162401
-14.5620123751969,-22.5285815430788
-13.6475603557285,-18.9387950024332
-13.9789911947513,-20.9456599317424
-13.510796678022,-21.7340534534684
-13.9366422317585,-20.6808376477799
-13.6624496222276,-20.9773848456927
-13.6004529905654,-20.4079057793621
-14.1470191984232,-21.8506898041134
-15.8361580318397,-23.5902637988785
-15.5397140526665,-23.8039273026124
-17.2474690949921,-25.3039791787493
-17.0352410667051,-24.9285429040921
-12.8029210808558,-24.6966636189737
-14.173619089384,-24.3318131740789
-14.6320779775884,-23.9006603536291
-14.125589871067,-24.7074794600932
-14.0157635260115,-25.0477999824371
-14.4121954023787,-24.1634765497751
-14.7367708909848,-22.5041931399834
-17.8321930855257,-26.7644705017667
-18.5930559474557,-26.8315166593827
-17.6800625557075,-27.6409686147385
-18.3729246181871,-28.3853712511101
-15.8709587357493,-27.5392162900487
-14.2219110023448,-27.2031834441947
-15.0909326149838,-29.6054873138059
-15.0458504164268,-26.87520569343
-14.1276132753869,-25.0113396764419
-14.5758464387993,-21.3609674252207
-14.0504889869913,-21.0810179767373
-15.549625694373,-20.86190326367
-17.2803207004207,-25.2536454623179
-13.7410333477549,-26.6914156052976
-16.1183737781258,-28.0420992082159
-17.5581083414299,-23.9029370041679
-13.0230402672671,-18.9955804307719
-13.7600202807072,-18.8167231717669
-14.3057195018715,-18.8351228741918
-13.7203633256085,-21.3637413555655
-15.49776968595,-21.7898056493144
-13.6652934114074,-20.6064253513811
-16.0614172897508,-21.8544658363625
-16.5244836447813,-22.9537505112979
-16.1577540628311,-27.3849355368219
-19.4761039873078,-28.2948714429946
-22.6519578652849,-31.3186311550714
-14.6661517555174,-25.4528153408194
-13.856149261726,-21.9619748208021
-14.9575294392821,-22.6705838839081
-15.7782751538781,-25.6789857077354
-16.0784396238533,-27.7827625146402
-15.2248198381596,-27.5113472560284
-13.5409412520732,-21.096019979479
-14.7291730252527,-20.4421623026643
-14.8122852245227,-28.257023222288
-18.9147738288442,-24.5196934128545
-23.0170405707125,-21.5800630007541
-16.8944424036128,-22.4575381372355
-14.507032510268,-20.2578078319349
-15.0393253924025,-22.8198717346745
-16.802054253725,-25.1401438409734
-16.8174638277032,-26.0657787140146
-17.2090209982944,-27.1257295797844
-15.9963097605507,-22.003126789635
-18.447021616112,-23.7434172790469
-22.0396984639341,-29.4755713167001
-16.6704153932434,-25.1797834823099
-21.1489423957769,-17.5127589069355
-19.5587557100409,-16.0830863664425
-14.267072258614,-20.2416925775812
-14.5878269345667,-20.5372154890771
-14.2418022083397,-22.0071325831823
-13.9317499245952,-22.4699982984822
-14.1211499145232,-22.0823456826515
-14.9930626341147,-20.6734389665062
-18.1041437955179,-23.2458683980757
-24.7387883644852,-28.1761201359292
-14.4233215560674,-32.8845626713085
-17.004205682524,-35.7101663787927
-22.550572411808,-37.1985316562029
-12.9158284503889,-26.4867394877168
-15.9879825028704,-27.3943405801736
-18.48832076958,-33.2087190808016
-18.7561480569615,-33.9656550333214
-19.2725368885989,-33.5516992233209
-14.8213273752677,-22.9919135573684
-15.1793906202112,-19.9672171813045
-17.525936812842,-24.6555254960462
-16.5007120361535,-28.2556533096665
-17.8953045385402,-30.8645982991952
-18.9785178153501,-31.3683075473346
-14.0071567428234,-22.6790276834252
-14.6131382312699,-22.8770995263847
-17.5287605752445,-28.629026138908
-20.0997374037076,-32.4623169354606
-18.0643133900226,-31.3713467495982
-15.6924893396515,-23.7453547588375
-13.7431387452066,-21.7200170371843
-14.5910131873838,-20.8028254202247
-14.4041623687246,-19.7181029755234
-15.9339760766407,-23.500978070591
-19.0785115683838,-28.0098164562721
-17.9342641372965,-27.6539338019596
-13.6923412668299,-24.8059202143883
-14.3315565860501,-20.9571713634446
-14.30324257751,-22.1725714300085
-15.0078400896074,-25.2036038608022
-16.065253421731,-25.2895922084461
-15.6670246416118,-18.9224754006891
-15.6107655007666,-20.6588522937184
-20.0009864797419,-18.6355482236543
-22.4732628269429,-16.5644302335429
-23.2101187106824,-19.7285487346166
-19.5044023853981,-25.5242518224338
-13.4712090852373,-24.9169036864414
-14.0640356181531,-21.772498193351
-15.0419955955419,-20.4451223246888
-16.1781335881144,-19.5686645062117
-16.6051754124626,-21.4664158726438
-15.7274613231862,-20.882101190119
-17.1624763427353,-22.1389862898245
-20.4850294228033,-26.7743237907233
-18.01994048297,-30.4394954335388
-16.4234678004234,-31.4758336057242
-18.6157088340547,-30.7281600018412
-15.3597426796568,-25.6376090431593
-13.8380210409151,-19.6383759590286
-14.9608647299946,-18.759086631506
-17.5086437127475,-25.9402438731209
-13.728222765393,-24.7575527758245
-15.8258596346678,-27.0407773222502
-14.6274507833594,-22.1546036794856
-16.9623616916678,-24.3428853800939
-19.0572464617703,-27.5109779478284
-19.9025586492766,-27.4206288968727
-19.2444595897702,-28.5231197284317
-16.5685829670084,-25.6961720554975
-13.0581575444947,-23.4812999853253
-13.1608844624055,-23.767214812441
-15.3948985066363,-24.686789476218
-16.2935486387638,-24.9228649942005
-16.9041116428307,-26.4371510828182
-15.8558601354222,-22.8019416866337
-17.9323803440164,-24.7733483478561
-20.5429573674674,-26.8745145952954
-15.5617382868005,-23.5763157732202
-14.7823206096627,-23.4555790309532
-15.5601786927628,-25.7237028597994
-12.7811104192087,-21.8042296468209
-13.6186356208812,-20.2539086051125
-14.8458108137732,-20.9889900990699
-16.5515609365839,-23.6362104313658
-16.5422679741672,-24.5622167204335
-16.4828030639292,-23.3172209636993
-14.6257370019728,-22.1682960337233
-18.2557447940284,-25.6368091193579
-20.2068939660355,-26.8871161928341
-20.6812691092208,-26.5003464237893
-19.8073896593624,-25.8924332976129
-19.3520496084779,-23.791579092289
-13.8947554227859,-24.3684931744913
-14.1028093375581,-23.8292581101561
-17.1654924398114,-24.632069881685
-15.5386470392713,-22.2051509894685
-18.6007435806486,-24.7865323891884
-16.5015971674637,-23.3510444286135
-12.8885539319472,-20.7135163619064
-13.3857200487062,-20.5386654998157
-13.9971490210384,-21.8577442006361
-14.3283445884352,-21.3436225139333
-15.7907911576133,-22.8414225388332
-14.9686616805238,-21.4782418657777
-15.0118790983698,-23.027228390973
-16.7679227418528,-25.9768398448426
-16.5446770208486,-22.4857149806942
-13.6450647232196,-19.4430502268172
-14.7219129724937,-18.6955210751842
-14.413633054001,-19.5111039038829
-15.8345145089832,-19.9861439027278
-17.8391308898389,-21.5858002767214
-20.6274691786395,-25.2906615696127
-17.1250178327128,-22.0048528474233
-15.7757977306021,-23.6645062759934
-15.1007152362114,-26.9506347475183
-17.3655599956617,-29.2157968974415
-16.048310386379,-27.8263003999654
-17.975836537232,-26.8747976517879
-18.5826499041818,-27.6059235570768
-15.6588856285051,-23.4216518402517
-17.4524904567561,-24.7474435449772
-18.0561523115952,-27.7354340649989
-21.653364480324,-28.2067100171343
-24.0086130117256,-30.9968533290692
-25.584319991795,-32.5581628825268
-13.7949175568195,-23.2476674446896
-13.758503365206,-21.7519519701141
-18.3862034729642,-24.0446220133084
-17.2264412906149,-27.1093924371432
-15.8426855968756,-23.7101958716002
-20.2889258785374,-23.3078276291124
-26.8232405054069,-26.8552830087904
-30.798898599563,-33.5386412988667
-34.3027924004571,-38.1663414443545
-35.4481139952077,-43.5895937716575
-35.096450199403,-42.903511146738
-16.1805417560515,-24.728517278455
-12.086336099701,-24.1719234132662
-13.1574016001635,-27.4124722923358
-13.1673310774252,-23.0387075317923
-13.8378428317221,-26.1866143174715
-14.2759017239004,-28.2582851239846
-13.9797605074845,-22.1200181180597
-14.9375731918866,-25.309626823549
-17.1889334437289,-29.5906420441457
-14.0819699439065,-21.5397239437439
-17.419467847484,-25.4915879496906
-20.6791438651301,-30.3820591348736
-15.6964028804493,-32.3080681368019
-18.0744229743685,-35.4565500110863
-19.3282510238681,-38.4200976457241
-16.5890990991574,-37.8516378531457
-19.1266691420791,-38.7580024546217
-23.5943772846502,-28.5675892171495
-22.9705618319775,-37.3054721899516
-33.4737717874929,-39.5877429187435
-19.1564227927795,-38.869027466472
-12.5003025487547,-31.475655438923
-14.1364188318565,-31.3802802290096
-17.4526039405409,-36.8506531726024
-17.495452744537,-38.4332998902536
-18.1328774147388,-38.0419236905231
-17.6735626323822,-39.1228164835353
-17.9947115392086,-39.7559787486431
-19.7413491118259,-35.0459046837551
-25.15819603105,-29.5287061384022
-25.9842392142,-40.0045544838712
-23.7250709415863,-42.9949462181561
-16.5518205589808,-39.243357485698
-19.7438266014647,-46.0513034206019
-26.0787382009258,-46.3374088492367
-18.0588819616832,-40.5893716814651
-19.4925200820541,-41.0898879666323
-20.2160989781521,-40.1864751334617
-17.1844586734177,-38.8199496646981
-18.9288844945534,-39.8159289378351
-22.1083243613322,-32.4797906778091
-26.19446845653,-38.6490816462379
-28.9992277567354,-43.3956822023155
-19.7539159980229,-40.521522408831
-17.5045014391122,-40.7936214191135
-26.4810607476492,-46.9805687302439
-22.2913438431958,-42.7923679026124
-19.1378703441549,-40.8368209767568
-19.2494874878353,-40.0215272176051
-18.3002222018529,-39.323152913318
-19.1943898772688,-41.7461131999983
-20.2561360719712,-31.8826288711464
-26.3188576359343,-29.1021814869958
-27.3247454620091,-39.2729604160475
-29.3747077811159,-43.8407887960485
-18.0442038208273,-39.9541886915978
-19.3553841865381,-42.7661845252557
-29.2943370447018,-47.026236741477
-18.9541861217227,-36.653798970383
-15.8831331699991,-36.3734583279205
-17.2643209308436,-37.3087216994826
-18.1983624620174,-37.5096837261756
-18.772019992252,-36.8418417407433
-20.3956185442206,-27.718085062064
-26.551376242506,-33.040215724563
-27.8813751906416,-35.5326152021127
-27.5948983085928,-37.2700456551082
-16.2841523296768,-35.3845457068292
-18.667045051851,-35.888261965667
-24.5509588909009,-34.3011118928857
-17.1776768341047,-31.6127228710265
-17.0477009875046,-33.4026125287445
-18.1365191095988,-33.7192474204875
-16.8092159473586,-30.0222435768334
-17.4162938638907,-32.803556607145
-21.1085647949758,-27.6558359442989
-22.4681408755177,-29.6661205514897
-23.9280461804514,-32.9622139428853
-22.1988801716187,-33.3540726914523
-15.8035886700407,-32.7460616155182
-19.9155058590668,-34.2044405901732
-25.1909961056078,-33.4222986059399
-16.2992565693153,-31.5865681363461
-16.9201692154172,-33.267098027211
-18.5115924692895,-31.0234682366277
-16.5654609065201,-29.9143234098663
-17.90222369613,-29.2391247299473
-20.8931208430012,-24.7003257283714
-23.4805924808165,-27.6706835432939
-24.2011543331713,-29.9066777501565
-18.0558683652576,-28.3298824699544
-16.1070008354018,-28.2238809122296
-20.3026722668474,-28.5679962017999
-15.9588537347841,-23.1268789489506
-15.3539938100481,-23.9879053963523
-16.0075443252687,-25.9701538955384
-15.9715769721348,-25.2154431872888
-14.027956483218,-25.4764317075998
-14.9917346166842,-22.1903157084894
-15.4390049963627,-22.4291154708305
-17.4325408086776,-25.2078583984359
-15.769100427333,-25.6546690030196
-13.8896728322809,-22.6484477099388
-16.2098370222411,-23.1340769298058
-14.8504519897915,-22.4766828776072
-14.4557986326501,-19.9189580797159
-15.3057395857713,-20.3730487157109
-15.5125494457354,-25.1684539213731
-16.794625430469,-25.5422741248291
-17.9567479716862,-25.2869647675828
-14.6401475813117,-22.0745761284003
-16.3277024625346,-20.8859767109157
-18.4734449012168,-23.0120966369543
-15.8501653301641,-23.9026471709886
-17.888434245868,-23.4971410955955
-19.6119211815318,-22.1169424235088
-15.4107002942506,-22.7762011090452
-15.0710219333384,-24.7355511442994
-17.3746988151156,-24.7498457453993
-15.5125822809055,-21.1413024173776
-16.572548660007,-21.8230181472955
-18.0656486303073,-20.8132669665307
-14.2943944558621,-21.0567989597367
-16.9503877284364,-25.4455117516473
-18.047218293299,-24.3903160275939
-14.3078796564035,-24.4901022988804
-17.0566905305928,-29.959926827008
-18.1853414231492,-25.9517940783026
-13.7373500084837,-21.8446019080235
-14.2266557570488,-22.5786668342307
-14.8868966843085,-22.2131574101929
-15.1120790885461,-24.642830469591
-15.1277157111659,-26.093815732669
-13.8459617728421,-23.6127774786235
-15.5705160505106,-21.1269910174423
-16.7392302981175,-22.5179581115519
-14.9539006295714,-23.6307117557518
-15.7016494906201,-23.858537455199
-16.5476512838643,-23.3296944481214
-13.9934283236158,-22.3199953064808
-13.0868622163049,-23.0037517969833
-14.1027370864982,-24.331532910635
-14.0435792799177,-23.3010011357717
-13.6142103805256,-22.697087496835
-13.9718988057674,-23.384923095641
-13.873148468487,-20.3626025962641
-14.6712700667107,-22.9219931759865
-17.4140041549664,-24.1949288151975
-13.5429120789798,-23.3886304870151
-13.2460862383122,-23.0924770087534
-13.6396370488153,-21.6082084840099
-13.7985521366021,-20.3547232963246
-15.4452580458462,-22.0548369592493
-16.7422475870978,-26.3741340500526
-16.8306187802026,-27.752988731816
-17.1258413941457,-29.3939190467826
-15.4950710186296,-24.4957370179955
-15.5189606708952,-21.5889268338189
-17.7023401084594,-23.0438794111871
-17.2570384251578,-23.4025148012245
-16.2694689851523,-23.5702957535258
-20.0713780705877,-24.8022245508757
-15.5380641684688,-25.0626291551141
-15.1781362320024,-25.1808054239826
-16.5403064730872,-26.9639357936292
-16.0674056938849,-24.6057921776203
-15.2411611069562,-22.8260616915075
-16.4193341487281,-22.7651935529483
-14.5541537537303,-20.9660718669068
-15.8894671066583,-22.4374703404985
-17.9093394506778,-25.0992443931899
-14.8802895170495,-23.244174730315
-17.1683513104329,-27.1001500980703
-21.3300988472512,-30.695437582518
-14.838638745951,-22.2930736980151
-15.061772426864,-21.9486362669308
-15.8302849223663,-21.8093620130786
-15.5883127281556,-22.7003019251729
-16.5648141549548,-26.7810822809178
-15.8984406323759,-25.7518637616008
-13.7117136020523,-21.1508131130633
-16.9728244175529,-22.7732330700356
-15.8069961970553,-23.4235811941955
-15.3103058541814,-24.5403501763901
-17.3098306494121,-24.1339281426207
-16.7248241628643,-23.4122984279885
-13.598825598432,-23.4951700786092
-14.0426793301342,-22.0882751950171
-15.069025382461,-22.650312995619
-14.1712864736991,-23.6869622958939
-14.7561053426841,-23.794254375087
-15.021789040937,-20.1009740366824
-15.0446565030176,-21.3039451440101
-17.5359227892439,-23.1558528723554
-16.9640350896013,-23.755703122826
-15.4454126541517,-22.9111563042134
-15.8691390100284,-22.0618293542933
-13.7434843984909,-22.4111881646591
-14.388403197204,-22.6820796961836
-16.5930424340416,-23.9169971852457
-17.9175738067814,-26.4229752651887
-18.7262893292995,-31.0589558302208
-17.1227847483879,-29.8673605371703
-14.4975269978716,-20.9547900205617
-16.7925459080045,-22.5763848245351
-17.981665191728,-26.0490911148018
-15.5751642767558,-26.2697447900884
-17.7037009404026,-28.4543033201792
-15.8166882311069,-27.7304392647269
-14.9393127730937,-28.9517677353155
-18.5903324557674,-33.0789943721332
-18.1152929629438,-27.1977815276599
-15.5220616854346,-24.9262421076151
-15.6182954796601,-30.9200912479961
-13.4432377225634,-23.8033603650063
-15.5444798405895,-23.3409331596925
-17.6328954241109,-28.3800656167001
-16.6380598664505,-22.301536414288
-15.9298482427058,-27.6391858550499
-18.8374762427292,-30.5487903470256
-15.0794751924218,-22.550421629911
-15.2331854262146,-22.4801329696405
-16.233625809109,-22.2612307518997
-18.1868184831919,-26.2606058563914
-19.2833863771754,-28.3228197534141
-19.282597228023,-24.9585544055036
-14.8718623114607,-21.514538925615
-16.6212648018005,-22.5520517493471
-17.9006704558003,-22.7838367598479
-15.8226370608322,-23.1339059183521
-19.2258507625706,-24.0496704277341
-18.4039465570386,-24.587698427914
-14.8875430477356,-25.5171751845448
-16.9964678663857,-25.7719592612914
-18.6940017487958,-29.2337521964466
-13.4959569686052,-28.3861426661491
-13.5896508043262,-26.8396238877552
-13.8330853632092,-21.5761923055347
-13.6621393623424,-22.3648345688552
-13.4528185836016,-23.4088687555217
-14.5872137357634,-23.5428746994084
-15.7808430875941,-22.8785643623
-15.737511911835,-25.1508989801853
-13.9808236015085,-27.9887158754202
-14.1086351255789,-25.7211566687343
-14.8274656129954,-26.8653789678536
-16.0365783970742,-30.1209583162747
-17.6037983956613,-31.7221332973084
-16.9090235741608,-27.3687079056372
-13.7083059227719,-22.2331329730508
-14.5672277140839,-24.2181937066823
-14.4510066234625,-26.5510446085032
-15.1444442097,-27.2708187305506
-16.5555502869678,-27.1328704689499
-15.8588917668031,-28.253597955311
-14.7536414057504,-29.4706612818682
-15.2912061429711,-30.2559089140572
-15.1610610206691,-28.8776737658769
-14.8333489204126,-27.82280190153
-16.5144430598572,-30.1883308200234
-15.4420582548558,-25.2256904203189
-14.6928316932013,-22.5263388036629
-20.9775057035961,-30.1588467180495
-18.0355755837099,-23.5818730653966
-14.2798535389669,-23.5179651153954
-17.8692408985771,-19.7050359457984
-16.2012522873816,-21.3283762300009
-16.7112656221879,-25.2369792305646
-20.5649825149069,-29.4915221265264
-16.2034277967737,-24.4418787834121
-17.7231895666094,-26.7596808080464
-23.3804135593753,-31.0789448753859
-14.5265570584265,-22.7872420761033
-16.1191783864345,-21.7648313606697
-20.1176683857888,-22.303076221224
-22.5942819588899,-22.9997999656587
-25.2169140525402,-28.0262176459983
-26.0056879778385,-31.8961348110808
-21.9799793132624,-25.8135065044483
-22.3690060029401,-28.297093947212
-17.607751005218,-22.1996513627161
-13.5745595036225,-18.9063884266051
-16.0598794625002,-18.2772386047348
-14.8853589249492,-18.3646689647621
-15.9269817146309,-21.104407306642
-16.0638047271619,-20.4939518464266
-14.7094594072534,-19.6360230441415
-14.2042690852212,-23.0727646707317
-14.436570884204,-25.5298692547858
-13.6902216621915,-21.3114894685164
-14.060496636878,-19.8241389620861
-14.3249187710383,-20.65713629694
-16.5102039850484,-23.7758003624866
-14.6536691539809,-20.3045580304455
-14.7394245045598,-20.6432102074368
-14.6324857779062,-20.932476640936
-18.0158011805428,-22.5023385571966
-20.6161522744329,-25.4286799371709
-14.1379444199917,-22.6390939318706
-15.6315433710664,-19.2805658611769
-14.5805331753828,-19.8151049501247
-14.0602617359918,-18.8867094342081
-15.1290413073947,-16.9176148835099
-15.2100065448361,-17.417311773603
-15.5278047239285,-18.6789984666677
-17.0797006924463,-18.4576337532778
-16.1167276564053,-21.5978067375527
-15.8490218693518,-19.4155601288234
-15.7715997115453,-19.9708134502812
-16.2384474056878,-20.6817132321506
-14.9768130996298,-22.3999070787998
-17.7061855362189,-26.3029949274069
-14.8275716197447,-29.3773154219373
-15.2001223409916,-30.3017643984671
-15.8103655972501,-29.3389868632566
-17.3290293899837,-30.4538140670619
-18.9097388523117,-28.6544611279034
-19.1146233380348,-27.6533654505936
-15.1644709826447,-23.2352434598463
-19.9556220363507,-27.5247367072395
-18.8832158277524,-30.0487306171461
-14.3997940716183,-26.8511042312372
-14.8840980543044,-22.996195220139
-14.5696202925899,-22.1863525526756
-14.2844054963696,-21.9208799090319
-14.9080171654853,-20.6822093222292
-15.3180838140932,-20.0585372745995
-16.7466143108996,-22.4348205889315
-16.2507673296593,-21.5365972886113
-14.6877753047247,-19.8183497812956
-16.7063682100119,-21.2669586641513
-20.1452414162443,-21.6230446142892
-16.4293056236081,-17.5550178728877
-16.3867183867767,-23.7816764228877
-18.9723838999765,-26.5954109628637
-15.1346413528211,-22.9545773275284
-14.8710749028514,-20.532869886253
-18.9871522386443,-25.6508218375275
-18.2441790221794,-24.6226800919858
-16.7988967081992,-17.6628608116228
-18.1374666452721,-21.8811940664745
-15.2767308545933,-20.3376499279173
-18.7442466034909,-22.8453585023846
-19.2566694344157,-24.1170224500878
-18.4594895076889,-27.2648659367074
-22.2413431749062,-27.4303111509456
-19.2021861216387,-29.2072064730733
-16.0482730106266,-28.008062257501
-17.3376185947824,-26.1812577106511
-16.8912663698941,-28.6023053427194
-17.5154626276238,-27.1864631573228
-19.4274259953809,-28.6044584372311
-16.283973649961,-22.7087363843337
-16.0643598065944,-23.6814622687912
-17.3944837736514,-24.3704470576095
-17.9677336975657,-25.9800229648394
-17.5618139205308,-28.3978128921934
-17.5938131789686,-31.7535794432011
-15.346761017031,-30.2040462959767
-16.9350156683279,-29.0251705921784
-18.6138653853604,-30.3124572269362
-20.3470008480955,-30.7091851803532
-20.5361343793716,-30.2121448255219
-18.0545084775482,-29.3337103066742
-17.0654666832287,-22.5225099687682
-20.0919562993724,-27.6706297858226
-19.8843937930301,-29.6738943088829
-18.6633373987922,-30.0172922009627
-26.3009165833713,-31.4125022696511
-18.4801454267558,-31.8462904009477
-17.6462177256284,-31.3602683687812
-19.1576358334231,-32.8938805335901
-18.7441972498559,-22.8472530691631
-14.2635046645451,-18.5988199645037
-17.1867094143976,-19.616446016111
-15.998484397185,-21.6423839083548
-15.5740111230892,-17.6738761054125
-20.8475714633437,-23.2284597700543
-16.3365700585828,-26.8850594509332
-17.584948640456,-30.0108326601251
-19.5797265279589,-31.5103101450077
-15.2956886733031,-28.1526711502757
-15.6129649435229,-27.2314817207373
-17.3252270074173,-27.9185963356202
-14.4404649937126,-20.5377956579078
-13.364162465894,-19.8318710326066
-14.101763868629,-20.1244094122767
-14.8789423169124,-19.2903759789525
-16.6022259834469,-18.9054924985669
-16.0430614552308,-22.1423047062037
-17.6223761409445,-19.8288784937609
-19.3851513401464,-22.7484418552802
-15.0907477688635,-25.0545449343877
-14.165622240576,-26.2387275086628
-17.1904441880994,-22.174328710223
-16.7290030454832,-21.1298512831284
-17.7253502706705,-17.8461720523861
-16.1556768800193,-20.4496601957466
-14.8619207805376,-21.5131437493827
-14.9893110748916,-20.6556570948134
-14.2708734027081,-20.5280756240903
-16.0324947536753,-18.850002604791
-17.1618529730271,-23.5337703510179
-15.4378859690982,-19.6547253523061
-14.6357286502263,-24.6309936593705
-16.7600067057781,-28.7881315171996
-17.2963900144518,-30.6133747614303
-19.666245552273,-31.1071711630855
-20.3926917240836,-30.9276183353426
-16.8157935862081,-27.6754945135326
-16.7920844001967,-23.1305601425549
-20.1695998262946,-30.2717940051805
-17.7721547582747,-32.418760809128
-20.9923305053086,-33.8543084143493
-25.2548029261089,-33.4927856984856
-17.3025756627035,-33.6279171505635
-17.0659000628144,-32.5609621680016
-18.43068066249,-32.4464417861823
-16.2597550214114,-29.7745882528521
-16.3583772516363,-19.8674141119843
-19.2933071860367,-27.5438989129538
-15.2554562362503,-22.0450468543104
-15.9473887971242,-20.4529092972461
-16.863053969421,-19.0380486979962
-15.1134964508685,-20.1947807725786
-15.8714220846581,-20.3844787458103
-17.060633644945,-27.0975009637478
-15.7409732238899,-25.7037920015907
-16.8464488851561,-24.5357314358546
-16.6532276946373,-27.9005131896573
-18.8509790137376,-26.6899129465025
-17.2657371093172,-28.3142452268242
-14.9212972703874,-22.2257010949559
-14.5916126396001,-20.6743531633034
-17.2937734696075,-22.6689427866776
-16.0056594949342,-25.5427453838563
-18.6774605473332,-28.1146149334647
-20.6412711395435,-28.056224124155
-15.8561441004649,-28.2467986060128
-14.6105712877485,-28.7774417853587
-15.0386590664434,-31.1762774677651
-15.5365238265325,-29.7096641083437
-16.0821778295324,-29.9134000783879
-16.9645541660586,-29.1113601147343
-14.1936794144822,-21.4503796892029
-18.4986189982313,-23.7860726603027
-17.9898933613439,-26.6430787033773
-15.2651801956042,-28.1945179304892
-17.4320391587049,-31.5103249007498
-17.5247895955849,-32.3373223100268
-15.67944097838,-30.3257315488588
-16.9538769834257,-31.0083367266093
-17.8087254888328,-32.4355188252368
-17.9582608365008,-32.2906931496983
-19.2485483760606,-31.9400381962864
-16.4774492405083,-23.6589259098487
-19.1703695889226,-24.9534308628624
-21.3777428911515,-30.435584457225
-22.8981661233031,-30.8837941834924
-23.7913423148123,-31.8122845254481
-26.5372910563595,-33.3782802639556
-14.7202176596896,-30.3746824283676
-14.7411521327145,-30.2198543535502
-17.6462129432324,-31.3489762311668
-14.7710421459245,-24.2837459681417
-13.5279179563604,-22.6153523688159
-14.3730778375383,-20.9357020061823
-14.1530371087016,-18.722618680707
-15.6348415455134,-19.4958668297198
-15.085741075231,-23.7130388335034
-14.925444103237,-29.4564312230461
-20.9166005167277,-30.4865316455236
-15.1735574791393,-20.1075673106079
-13.8877554199316,-19.2921535490169
-15.532528140761,-21.2285711110971
-15.7403875490258,-22.4201769387562
-16.2149969605391,-23.4308225453842
-14.9695457749639,-24.2679015242616
-14.0936754940748,-21.4203274133584
-17.2723894713722,-23.6980296812626
-18.0561311444956,-23.2546369217216
-16.3913968310842,-26.9265674847679
-22.1554140326998,-30.961808385968
-18.0734352270971,-25.4436005009738
-13.480321321598,-21.4408659435494
-14.5395386958625,-21.0990524883741
-14.9402280552874,-22.5442509754016
-15.6930072018631,-24.966384944404
-15.7795587447409,-27.3519089196542
-14.9485678106341,-20.2556828266507
-15.8165212654886,-16.5259104297068
-17.67931444131,-24.6616964597786
-16.6432430104704,-27.5571018308151
-20.1925738908853,-25.5241083076668
-20.9226986178347,-27.8120490155859
-14.4862053078491,-18.9141654204577
-15.8655402707715,-19.7095268644555
-16.2594159025322,-20.7637147183816
-18.0918535694073,-22.6909614838954
-17.8340978139507,-21.8604121333501
-16.1610720918568,-23.0188015739974
-15.5310814480435,-21.2166439424679
-17.5949328096941,-24.8859782384098
-18.9013885156494,-25.6661280471611
-20.1342427995351,-21.0331755390623
-21.5048146868328,-16.0556587722791
-15.5365080950334,-18.0323744040836
-13.965724990048,-22.6344386985922
-13.5943109436365,-21.6640024138789
-14.6821501746762,-21.4524819464215
-14.1513276496829,-21.8364652529917
-14.7359518228381,-22.0805072340936
-14.3517420347579,-22.0901161732014
-18.0747859253326,-23.5333952390578
-17.1374778479953,-24.3050981786414
-17.2568755696864,-25.9003795839106
-23.0401985283135,-27.6438404995825
-15.6200292486344,-25.4411886397356
-13.7353016985585,-23.045769620368
-15.9801504700439,-25.4575662177169
-16.7954030920003,-25.8124371895183
-17.8251914324703,-26.63020750318
-17.4670109120899,-25.6727291943703
-14.1541996884725,-21.8420162732803
-15.7439503063836,-18.6944322055155
-16.2680126934128,-23.1812036587953
-14.7966060096225,-26.9331971007302
-16.8517776779357,-27.7276969391453
-17.446984484928,-25.8044195040892
-13.4190064260781,-20.7612723622754
-15.1724913787738,-25.1917533929966
-17.169791133844,-28.7727951547335
-16.6796790750136,-28.8531470578962
-16.3701298527365,-28.1304126624276
-14.6214835538961,-24.2489843144077
-14.1074003207114,-20.0991975785785
-14.4917462476604,-20.3467922200257
-14.6116412998137,-19.8685159997004
-16.1094181018435,-22.6909565745373
-19.3940919697153,-27.0536832126056
-15.7692055424395,-22.0865843107422
-14.861507797078,-19.4907547315496
-15.6756607087447,-20.7240148796795
-14.2254425189505,-24.5803554453097
-17.081450600312,-24.653452687568
-17.8828181084817,-23.745083305901
-14.8943434784701,-19.9545029164637
-17.4166664023954,-19.9804690494478
-19.2663042212474,-17.7272618621429
-20.9815236576268,-17.9532976535233
-21.7249960474101,-24.3827367911531
-18.7615423013639,-24.991916605214
-12.8492757245185,-22.4608202937011
-14.1761519223675,-21.4832585818167
-15.2922856600088,-21.1994029808445
-15.8447015733968,-21.1943839667756
-15.071997231114,-21.6210100319342
-14.1911590898794,-20.6609211196394
-17.2781184042324,-21.1948963087267
-19.8598032564919,-22.8279567281914
-14.7944524496013,-25.8380564069387
-16.1306506653486,-30.6813486550316
-17.8513697008683,-31.7775342003734
-13.8035098621947,-20.922289838631
-13.1893948858776,-20.9533423834128
-14.7039889980066,-21.4668926769356
-14.8592857146042,-23.6653863811551
-15.2942211762543,-23.6417010623875
-16.137155592819,-26.5816201217215
-14.2685792777075,-21.0288009001612
-16.7957418602042,-25.7405707735224
-17.7298886322746,-27.3160288218519
-15.8440024838319,-25.9839690173019
-15.5028092934598,-26.912844822454
-15.7893169502854,-26.0006867393269
-13.0252047433139,-24.1932423829816
-13.6305715266687,-24.4399028192573
-14.8201406139076,-26.7501052378012
-16.0518906796369,-22.2475196727597
-16.084084665493,-20.8197865132814
-14.6135142888813,-21.1822840353313
-16.4702464859217,-20.6315806396163
-16.4188516420837,-22.6802759143505
-14.7748355736384,-23.1671006031927
-15.1353989754285,-22.0355767563778
-14.7185528583195,-22.0370176551564
-12.9927648951774,-23.0726744524083
-13.8648690341788,-20.8234901878902
-14.3699013490705,-21.82513112277
-15.534829886594,-23.3786573905493
-14.7673157048326,-23.0229665116069
-15.8994526642509,-24.1299142521402
-14.5719228980769,-22.9453042171859
-19.3795435375034,-27.2796406117823
-21.3830831178709,-28.2153162872605
-21.4006878846328,-29.3084346492975
-22.8443471597032,-31.0222490316962
-16.8190731551972,-21.7817640968865
-13.9397936884683,-22.1124000387547
-15.2699039755114,-21.8471609144022
-15.9469538524627,-24.241749417844
-15.7205995288007,-21.8729474648185
-17.7243300475925,-26.1790843986049
-14.6275777234368,-20.6651414736078
-13.0714647424064,-19.4315603659916
-14.9995744776231,-19.7126196769858
-14.1693618573346,-20.8043968302146
-15.9062373631516,-17.9652500543465
-16.7209636358123,-20.6854056169399
-14.3234615463218,-20.0636995662946
-14.8535046495247,-21.6891756772512
-15.868182873615,-22.5807124961627
-14.9144498832692,-21.1188507830198
-14.2948823866598,-18.9000920569252
-14.6057815845507,-18.94553778794
-14.852805890434,-18.0666832571024
-16.9504648951274,-18.3990933410295
-20.0887253156269,-25.6751745723925
-17.3891015034315,-22.0391097029629
-17.9539207819581,-22.2201985953587
-14.8486923434515,-23.4614373260513
-13.8049932294578,-24.1573945558196
-15.1420648936178,-22.1382175622987
-14.5486663745021,-22.238466779636
-16.122027139627,-20.4308841100059
-16.9811254055575,-21.8640160273178
-14.2432138156662,-18.7857012897323
-16.1437095367419,-20.8723802983936
-20.725438187437,-24.7804726108068
-24.8658003553081,-28.825745884724
-26.4932683439538,-30.0734637146001
-20.6817724748362,-29.203651104826
-13.3680240981024,-21.5139255114633
-14.5861468979815,-20.3020615122787
-17.7633194781803,-23.6714567016152
-14.1250579703958,-22.8053728055224
-15.9426858739813,-21.9087429148647
-16.0798884271649,-20.4128424600414
-15.781218719649,-24.0478903704703
-19.5449831459234,-27.5957987073276
-15.4394446733389,-24.2258514086786
-17.5634396711708,-27.0919492862586
-21.3301331392396,-29.8046474640145
-14.1540887876576,-23.4279803895058
-16.2916058237025,-25.6873144751674
-16.3119632135995,-26.9070607096722
-15.1933910029472,-21.3028789000924
-15.5646352156173,-23.3425197895094
-15.6816796444006,-22.6016495360466
-14.1729985100143,-22.5954183866254
-14.3492670776223,-22.0419504582681
-14.2170096688638,-23.5388236113687
-13.7345724219101,-24.8831056773672
-16.2303488951146,-26.5083620832832
-14.4160399875475,-24.9018636707317
-13.9177361683695,-23.7513280230663
-14.6272105213947,-26.0175612723709
-15.715693129226,-29.7217201079945
-16.0378679040183,-26.6408304720575
-16.0698070699335,-27.2020395276567
-14.2895463750136,-22.2118257384834
-17.835468250253,-23.4892632877682
-15.6038540780895,-18.8465662234766
-17.8941599062258,-22.6830079883146
-17.7458762601419,-21.327094265737
-15.4208760557616,-16.8822792528232
-14.4910267567951,-19.6374115008679
-15.5067513372696,-19.2109098403858
-14.9540940529199,-19.9846165939267
-15.6679345194083,-17.9877995905205
-17.0305078705576,-18.1158476619003
-15.5195511651927,-17.0923669670844
-14.8513053677855,-19.6760476274182
-16.0671292972104,-19.1578372002306
-14.9568993964338,-22.0519411652051
-16.5927027707964,-20.8169403613782
-17.3106126413082,-19.8115559325326
-14.1057476139413,-20.0070612531376
-13.8916577446668,-20.7927982652862
-15.2795834995322,-18.9150847052388
-14.7683714852946,-18.4938911729807
-14.9361038919832,-16.2113652664728
-14.9289662080001,-19.8731421152945
-14.6221283766375,-19.2709456368528
-19.3243200373842,-23.444754030999
-19.0102061401218,-22.7127368774089
-17.2844889048444,-19.4570837520171
-18.2832015440401,-18.8957795692703
-17.3677999775743,-19.9959530189554
-14.9333134586073,-22.3327220313553
-15.7123004241785,-24.7856179735774
-14.3322029030606,-22.0650819034893
-17.9301782003994,-24.9198404052615
-19.4676902131423,-25.2209749754191
-14.7570377986835,-22.1677490366309
-14.7274126476894,-23.2953411436372
-14.3458015626894,-22.9573962249707
-14.3372904931972,-22.6736152813971
-13.7042209832421,-19.4590973000753
-14.4760469940724,-18.1246809243259
-13.9116664896059,-22.6761535599657
-14.2668328264924,-21.4730257043565
-14.7231109567361,-22.1273432182389
-14.7651559517345,-23.5797533637503
-13.9200918072162,-22.480129714757
-14.6442005778931,-21.2853846505438
-15.1913218656425,-19.817498841886
-15.5482566545125,-19.6647875923242
-17.2550210729481,-20.7461052111779
-16.3172690982933,-19.2219007067047
-17.5360068843818,-23.755464191717
-16.5846376430773,-27.962210660767
-14.8925790321524,-28.6076592836208
-16.6964423989541,-29.5565074621254
-16.2610521221409,-29.7990682037833
-17.8783145995967,-30.2040511285807
-16.4693759262059,-25.8494669648077
-15.0235365926779,-22.9928088930752
-20.6436243112334,-27.8244990717328
-17.3334849194007,-20.7664969933698
-15.4924202705787,-19.406491773412
-24.9200127026752,-25.8464221079185
-15.8223519743714,-23.1252229965453
-12.8512039810756,-20.6680287127613
-13.9555483627938,-21.049700004458
-14.6808851008495,-22.6250519718197
-14.3281494298197,-24.545506526267
-17.7670716433316,-25.5777033636292
-14.1956069352187,-18.2563830310872
-17.1722726719371,-22.1343183916121
-18.1740166774444,-23.7052544513853
-15.4793962550055,-22.732187258127
-15.3115070688932,-22.4923593192957
-13.8684477174076,-19.7341673625689
-16.5943597292932,-23.5108460261271
-17.5199582169584,-20.8425897767873
-15.03021187188,-22.1543627817034
-15.5255119528951,-24.3268380080082
-18.3347362625019,-23.2051274155837
-13.6549576472587,-21.3581457055857
-14.7949487123496,-20.8895378223085
-14.3546339033184,-19.7451400539249
-13.3931884732062,-20.9769671634625
-14.8869562641134,-25.0906738011182
-16.0631090978702,-23.03455341571
-14.6769436851017,-24.0544630297686
-14.6516225839417,-25.481960067953
-14.064028452412,-21.3400604204894
-14.7195232856549,-19.8316813298262
-15.6248487696074,-26.2447573700033
-13.3756808616428,-23.0787123731517
-15.2755479316686,-23.2468680676664
-16.1970693520122,-24.8393845171724
-15.2109253417636,-25.2768484642035
-17.7176726406498,-26.8070263408828
-17.9403640836911,-28.8410678410872
-15.2223162282867,-22.5779948890808
-15.6771269699925,-25.2306935960019
-17.253288885399,-27.4811223723174
-17.9091565093708,-22.9066966885106
-16.6555025312361,-21.6347951167269
-18.23628527009,-21.8686932519545
-14.7713887904546,-22.9313090661073
-18.9975024049013,-24.3614416157901
-21.7335457427013,-26.3518186704222
-21.6318334777723,-27.0171258137231
-20.4458374385368,-24.1321380273424
-17.7579712453157,-25.5809190404621
-16.9393525442778,-26.169448247215
-17.8970456114274,-25.2362507036419
-19.6005889465705,-27.0603099429357
-19.8144527455267,-28.794064608343
-19.4710194732559,-26.4125742152334
-16.8096461803835,-25.6556106129846
-21.2285166491051,-27.4655005619101
-24.3331564954031,-30.570574631651
-19.662046029773,-31.3043325506767
-24.3871694538472,-31.8536236567278
-25.5136826846962,-23.6581178650159
-16.1065091766967,-22.9882156011287
-17.2484515815537,-23.4696563812661
-20.3405535567944,-29.1343939522549
-19.4712990297985,-25.6009068912641
-20.4836939256673,-28.5268671286431
-18.3240418255333,-21.7865857918581
-17.4047608386635,-23.4711807794594
-18.6961466436875,-25.319977374317
-19.6475303491207,-27.9022009758324
-19.5634188382629,-22.6876625895441
-19.6514636519637,-23.7843729251268
-18.7235352205092,-26.5299539618156
-18.278284018845,-25.713898444861
-18.9301425692071,-27.7226555740129
-19.2065806039823,-25.1888810405417
-19.0399550110143,-24.8638749109656
-20.4348547869609,-25.777480167806
-19.8692349821938,-26.3369432946021
-23.0949967589361,-22.3587191641541
-18.9818455500957,-25.7337691730582
-20.5970056855748,-26.1305248112831
-26.5098360008226,-30.4330941671703
-22.1787277650361,-29.3222819427095
-21.8685813497992,-34.7307924867649
-21.9674706240081,-27.382157470427
-22.5482331146945,-27.0971401228946
-24.3854612817818,-27.8903534594095
-25.8131419637576,-33.5152135239399
-20.9906617171704,-27.1510988136914
-21.5326730991199,-28.0582726306164
-22.5879774684761,-28.1443870467495
-25.1167351850782,-34.8606090158633
-25.157909253263,-28.4055539638545
-24.4572780361552,-30.0391520125104
-22.4039513133788,-32.3950602257582
-25.0210663618647,-30.9826548003941
-25.5037915469665,-30.0309240898464
-24.4791802206006,-30.3381228547472
-27.1519394339198,-30.4351951567318
-24.7974932310793,-31.9348936915422
-26.1785418466162,-33.4969145073505
-29.2156169194949,-36.2591395648666
-25.043062941469,-35.9486823855654
-27.1840951185402,-37.6880825563396
-26.6059365189991,-38.9412943583591
-24.3248996142705,-35.9096788495121
-25.0231867510951,-38.9545880180749
-26.459115264714,-39.3163173680423
-26.0501049347149,-37.0197558925019
-26.8627723223772,-38.5901843159432
-26.5770265074336,-38.6260692394203
-26.870372473196,-37.3323972621069
-27.3294481711587,-39.0023796105494
-27.6220626163989,-40.730080158686
-28.4642668038473,-41.2150540556574
-29.8695153289983,-43.8537054129028
-30.8353041106052,-44.2235225568378
-31.7446957755896,-44.2113154737789
-35.6077595506514,-46.2953663570298
-37.7832956249793,-49.8359945824079
-37.3550361869938,-48.5772294559137
-37.3840280364019,-44.9639263788701
-37.0677069183111,-45.0201033247049
-42.7311259636377,-49.3857663606068
-42.8472794935325,-52.9825407123127
-42.9461519283271,-46.5981147725788
-45.2926007028352,-51.3317337871539
-45.9265068080081,-51.7117436537109
-48.7937644803695,-55.3663494240385
-89.572729447416,-88.0121918823353
NaN,NaN
NaN,NaN
NaN,NaN
NaN,NaN
NaN,NaN
NaN,NaN
NaN,NaN
NaN,NaN
NaN,NaN
NaN,NaN
NaN,NaN
NaN,NaN
NaN,NaN
NaN,NaN
NaN,NaN
NaN,NaN
NaN,NaN
NaN,NaN
NaN,NaN
NaN,NaN
NaN,NaN
NaN,NaN
NaN,NaN
NaN,NaN
NaN,NaN
NaN,NaN
NaN,NaN
NaN,NaN
NaN,NaN
NaN,NaN
NaN,NaN
NaN,NaN
NaN,NaN
NaN,NaN
NaN,NaN
NaN,NaN
NaN,NaN
NaN,NaN
NaN,NaN
NaN,NaN
NaN,NaN
NaN,NaN
NaN,NaN
NaN,NaN
NaN,NaN
NaN,NaN
NaN,NaN
NaN,NaN
NaN,NaN
NaN,NaN
NaN,NaN
NaN,NaN
NaN,NaN
NaN,NaN
NaN,NaN
NaN,NaN
