M,S,M_dB,S_dB
2.09599218888666,0.215313840521432,6.42779319667517,-13.3385610506376
12.3523179910895,0.311136101349497,21.8349692673427,-10.1409918892216
33.2792747712241,0.437568622442447,30.4434770697491,-7.17907656661322
42.1796321278305,0.66861337396196,32.5020557538968,-3.49649881332577
47.2718026713947,1.40088455417828,33.4920432816461,2.92804693770449
54.5868278749312,2.22978229584094,34.7417571502919,6.96524925800009
48.0068760476894,2.21105117012987,33.6260689207197,6.89197587055111
29.171413705223,2.0782940933695,29.2991495282695,6.35414006644674
28.0586710961895,3.78433681781464,28.9613419658791,11.5597956603483
30.3653880990478,6.36354232418452,29.6475767239569,16.073978739325
29.6586506128749,6.87115062656821,29.4430277587201,16.7405893814436
23.7789545987526,4.27435648843723,27.5238551536998,12.6174148044076
23.4822879242878,4.39486269587883,27.4148081756051,12.8589062282248
22.6609087144791,3.50032000214184,27.1055464263207,10.8821549945003
17.3556349638286,2.60910234221735,24.7888101431996,8.32982229330021
22.933741289101,4.48540585379423,27.2094981802265,13.0360349100939
40.1829066204078,7.39595631906709,32.0808269626039,17.3798867505427
33.1258024405367,5.64187158683892,30.4033281487244,15.0284639413783
18.3326517665807,3.1650805875192,25.2645057796568,10.0076954451675
17.2590929528283,2.50539088679552,24.7403593548924,7.97750986741718
16.9509538446049,2.22059634603877,24.5838828269392,6.92939241707304
15.7053397618904,3.1291384307352,23.9209467231503,9.90849552866102
11.5153034437899,3.05159271297871,21.2255077339375,9.69053138310533
17.3348743676913,2.87937681417625,24.7784139701903,9.18597006455667
44.1152033578949,6.54645949362092,32.891765710701,16.3201297002845
44.845624533532,6.59782483478673,33.0344015301483,16.3880156261405
22.7427381007215,3.02416577374845,27.1368550033829,9.61211187845452
24.2311978041321,2.76254932566707,27.68749765697,8.82620082290428
22.0325525179608,2.45481254413306,26.8612962800551,7.80036667739226
13.3324687784973,1.70597343465165,22.4982115068137,4.63944528136599
13.1363998451588,1.92093734732409,22.3695271802565,5.67026400566542
21.6101694642797,2.82607984701553,26.6931634516056,9.02368856163337
37.986017085583,4.60946549148706,31.5924751848957,13.2730113600438
36.9757227680461,4.57173541431457,31.3583334389668,13.2016217598008
18.6023533838701,2.58122706085433,25.3913578058372,8.23652418958899
10.4760618973693,1.87499928292687,20.4039611154276,5.46002211945115
15.8729053544854,2.55977038107185,24.0131285337571,8.16402019134643
19.5535748862156,2.80396235850442,25.8245233793183,8.95544358386998
15.6442435897463,2.01411273315632,23.8870913908832,6.08167550128867
12.5294000650468,1.91709793196073,21.9586055305336,5.65288597403286
17.088616608457,3.20227307344501,24.6541381255308,10.1091672714259
22.8067811372145,5.50553245560853,27.161279898439,14.8159865437221
21.403490251845,4.11452366735169,26.6096919842922,12.2863912958761
16.4978398161263,2.60261987433946,24.3485416511225,8.30821483715923
13.548250593906,2.26710604451152,22.6376644186548,7.10943669691999
12.2675501071575,1.96537054690372,21.7751568108949,5.8688888683179
11.5516008678164,2.11593830238848,21.252843493882,6.51006000334165
11.8075621324615,2.52963840042124,21.4432047910331,8.06116890632045
17.6990330941892,4.07146643208756,24.9589908263003,12.195017170546
23.1112836161869,5.16265093040649,27.2764813431136,14.2574552295004
20.4155363064707,3.49921411482201,26.1992158623849,10.8794103503193
12.5099414638007,2.38999600320781,21.94510555117,7.56794349355486
7.68993801988251,1.99563323866592,17.7184567889246,6.00161457610836
6.78028946949888,1.50415800424414,16.6249647101508,3.54586918212189
8.63205430084097,1.84342271308341,18.7222832731667,5.31249868386562
11.0956495102502,2.44089616564528,20.9030545954639,7.75098610332594
11.1869061058712,2.03369848906382,20.9741998593701,6.16573131940329
9.14668228475243,1.65939701768178,19.2252718775897,4.39900610457829
6.98839488203794,1.57657319745764,16.8875487397404,3.95428278127218
7.45626314857843,1.73126462261104,17.4504245372373,4.76726909126032
9.75717115685801,2.05673480117333,19.7864784659505,6.2635659329504
11.9185648046317,2.98381786107293,21.5244792440657,9.49544618603142
12.059100149898,3.27077997779202,21.6262980391436,10.2930266107498
12.4037043884793,2.82270333021383,21.8710281471425,9.01330471262612
15.2758549225192,3.5991484123418,23.6801105029958,11.1239951066185
16.8697624796039,4.48712755495315,24.5421793583343,13.039368306752
14.0557808824279,3.62974865370689,22.9570995652283,11.1975310567142
8.79833934309226,2.13863531056536,18.8880141652978,6.60273466186204
5.94159004624972,1.55419851142742,15.4780536669779,3.83012977335851
5.03584675242869,1.37246391297902,14.0414501094661,2.75001868211298
4.84097519018641,1.2720718508335,13.6986571380781,2.09023284793388
5.21536456659673,1.32498064464288,14.3456934411659,2.44419068264611
5.92245322026969,1.60121322509731,15.4500327808586,4.08898336939411
7.2204251622722,2.29701277319183,17.1712554200697,7.22326820439076
7.20938457389744,2.29995673154691,17.1579638586937,7.23439331663732
4.87552646620028,1.38570978527053,13.7604303659044,2.83344567545741
5.07283494641399,1.14561426675761,14.1050146402856,1.18076826854107
5.41296965955512,1.29266515559644,14.6687118563429,2.2297208470333
4.48357120128346,1.17419135103559,13.0324814191312,1.39477754176029
4.72959828022383,1.24592799320277,13.4964850892123,1.90985887120864
6.16730137503992,1.77729636714499,15.8019034287784,4.99519706352006
8.05507148920406,2.64292474821933,18.1213879831968,8.44169595352817
8.64874971864205,3.23947020318086,18.7390665896648,10.2094797927197
7.13384841497093,2.76457434668993,17.0664775381149,8.83256547509917
5.05989652075664,1.82000408869187,14.0828327046856,5.20144727282592
6.41640901103212,2.22593949038395,16.1458408011975,6.95026708721967
7.04435779194364,2.81160980078216,16.9568281245549,8.97910097044325
5.3381371972206,2.10574144193255,14.5477946308062,6.4681008865091
4.0675912930873,1.34306344530252,12.1867461806186,2.5619305779307
3.36209397278412,1.13444527237601,10.5321969619098,1.09567099201891
3.01727657463981,1.06250424205883,9.5923024205011,0.526613453017597
2.81831034164865,0.968596663592582,8.99977628536404,-0.27714062496833
3.18063784666523,1.25352843757186,10.0502844469148,1.96268381639043
3.27679077177683,1.2766559187645,10.3089742376951,2.12147726057839
2.75379949144123,1.12518921006783,8.7986463078823,1.02451117746244
4.13777237756811,1.59838241312593,12.3353319214463,4.07361384801377
8.36636211632329,2.88609617245014,18.4507331592732,9.20621597706567
14.2235427747531,4.66166794281584,23.0601556633084,13.370826697553
18.0258615769441,6.08467250584308,25.1179206347311,15.6847441649364
15.1182891277472,5.43835075744923,23.5900529338602,14.7093442971447
9.95624306144114,3.4750773307164,19.9619098096635,10.8192894673269
6.43437979883007,2.29429693662351,16.1701338439954,7.21299250488468
5.42850317914008,1.86719690595671,14.6936019300699,5.42380238106273
4.58542878327397,1.77618087514416,13.2275990553135,4.98974379053192
3.5436385939563,1.4747339815471,10.988988459255,3.37427375183665
3.28484337572289,1.22396862411126,10.3302933367841,1.75540570014515
3.48554627695143,1.35403549234054,10.8454170631618,2.63260096682925
4.39140022475969,1.54914167039913,12.8520603953959,3.80182272392742
6.1657712723474,2.25614476052801,15.7997481989228,7.06733923496326
7.86676984488693,2.96484428482903,17.9159288873085,9.44003777852265
7.97377418746017,3.17463246605532,18.0332786507848,10.0338690668693
6.48356175919853,2.86050279918329,16.2362730415,9.12884754173142
4.97238361823041,1.99007246034511,13.9312925395923,5.97737779507977
6.92993483064521,2.72115126774901,16.8145830102037,8.69505369426975
9.96636002277484,3.75668363839013,19.9707314296896,11.4960924672167
7.34861228881483,2.89358566894776,17.3241066940344,9.2287268966007
5.02229738290139,2.10725916839309,14.0180484962092,6.47435904136195
3.90409439958319,1.61484120109994,11.8304062040858,4.16259642960433
3.06441750909382,1.29275924555009,9.72695870186799,2.23035304881296
2.80992084692488,1.32718252881932,8.9738817274403,2.45861311904665
3.38498093974332,1.61055306994655,10.5911245517816,4.13950079988175
5.45507639413306,2.25234137282938,14.736016738517,7.05268428753268
7.61276104021032,3.34716703685578,17.6308439555226,10.4935477181721
9.1694162436365,4.37005124691124,19.2468337575938,12.8097305980824
8.06398896112113,3.86385205745349,18.1309984918319,11.7404097882976
5.59788474137268,2.6511307554211,14.9604790447995,8.46862295871673
4.04950771462202,1.9146932352628,12.1480446133406,5.6419840579515
3.5472831235738,1.66646370538942,10.9979170544613,4.43591718836485
3.85590544052898,1.84073577154881,11.7225275006739,5.29982904336626
4.45153627328541,2.16056079006796,12.9701983313903,6.69132980470297
6.26054802717019,2.89625048524604,15.9322470308494,9.23672239121941
7.28694597673737,3.4487220815155,17.2509109961173,10.7531639550346
6.54276951959855,3.21862326449986,16.3152324358326,10.1534029215726
5.70459717342512,2.58801076997161,15.1244996480546,8.25932158622003
5.34017361138527,2.53029596975857,14.5511075272415,8.06342647501906
4.62295628635823,2.26506501973547,13.2983957373182,7.10161346302151
4.39183727621491,2.11472662144366,12.8529248103018,6.50508464961332
4.18222034291156,2.04216053706643,12.428138203252,6.20179759166438
3.89986605680457,1.86880881220898,11.8209938236602,5.43129746631636
3.48264237128935,1.71750959387256,10.8381775905144,4.69798343345882
3.13416360373703,1.5626352090369,9.92243325902481,3.87715211069822
3.22050697973955,1.46643363026868,10.1584848946117,3.3252482381099
3.9049787101123,1.75150034911874,11.8323734090502,4.86820456439398
4.51608301151596,2.08005268511306,13.0952383245448,6.36148670467933
3.99756154856881,1.99896064681288,12.0359031819391,6.01608488646197
4.78805582398484,2.34679250453964,13.6031841041413,7.40949384892004
6.00473046918574,3.07104326427184,15.5698703650952,9.74571869488007
6.06620648126461,3.10889116767538,15.6583437744473,9.85211038100326
5.72344125650076,2.97371140784904,15.1531445944774,9.4659763781358
4.93844930752779,2.71712497104576,13.8718120031416,8.68219227507412
3.83984350291886,2.07052583824154,11.6862704914977,6.32161308928865
3.07672467040617,1.6956186939817,9.7617726778035,4.58656391928654
3.20924293490719,1.77662631208937,10.1280518756979,4.99192179567728
2.98604909698488,1.60674804492797,9.50193888341522,4.11895560276732
2.62459789051927,1.6520891825061,8.38125550870176,4.36066975102947
2.90668187404712,1.8398175202837,9.26795004781867,5.29549500514874
2.82656281683724,1.62040393506816,9.02517283114397,4.1924657834958
2.78767349365165,1.53186385513171,8.90483811298694,3.70440337913766
3.05652065333064,1.64090061943609,9.70454669446577,4.30164557916685
2.96762414173518,1.69825543501637,9.44817790850816,4.60006026321016
3.69657669358565,1.99058662076439,11.3559944203584,5.97962161480508
3.73065391019122,2.13394399931753,11.4356992350872,6.58366036262658
3.65601664096232,2.44741499972852,11.2601632765841,7.77415234829903
4.3595175880154,2.65229645075399,12.7887686823703,8.47244128252225
4.37428590119414,2.43576182824126,12.8181432980982,7.73269640386798
3.90008828379167,2.32410028620405,11.8214887596562,7.32509728336182
3.80043784178067,2.26837237230579,11.596672676101,7.11428698292806
3.31784852027147,2.10516527261425,10.4171310797465,6.46572394326048
3.25847885950555,2.09769756899237,10.2602981541397,6.43485749807124
4.04455927995736,2.37229308761637,12.137424102598,7.50336686813888
5.05276142881103,2.84378065183464,14.0705758614719,9.0779219018323
5.66629718086056,3.23425618118144,15.0659869653661,10.1954883365595
5.83798895688027,3.36470136454605,15.3252653828566,10.5389304857011
5.08146089018197,2.96536891934723,14.119771746996,9.44157462631559
4.19577144677469,2.52450767715453,12.4562364631284,8.04353391489653
3.66772783565634,2.33923947863486,11.2879420260119,7.38149369591609
3.30547524591253,2.17388902805733,10.3846781831761,6.74474741200244
3.02343238865844,1.93642976055535,9.61000522327866,5.74003497189559
2.99517857028099,2.0279775185584,9.52845439611477,6.1412627250588
3.02969835190365,2.11410274961704,9.62798781344456,6.50252182127566
2.85692376453775,1.89319656565106,9.11797303248985,5.54391415931502
3.07705870664363,1.86387673048986,9.76271564303926,5.40834372861776
2.81895646200793,1.83328947108834,9.00176736733821,5.26462088430426
2.52449389793025,1.86182751037385,8.04348650559406,5.39878886305892
2.87800725161368,2.14684611490103,9.18183767757001,6.63601830982887
2.96839785343894,2.09673000937948,9.45044217724371,6.43085022126991
2.85734511572841,2.00305555847497,9.11925396974511,6.03385990853224
3.10907023837315,2.18775761960384,9.85261066983333,6.79998410186176
2.94645658823846,2.23338311885196,9.3860009355884,6.97926458351906
2.76431991713893,2.10010061236529,8.83176605774851,6.44480203132934
2.47890638694925,1.76276367700336,7.8852025289101,4.92388185968102
2.3370539373315,1.51077088325125,7.3733747135281,3.58397212351793
2.36294671065487,1.48976574807655,7.46907855004477,3.46235969957836
2.30795202808913,1.55584471661793,7.26453555108897,3.83932498827566
2.44705280423279,1.74453451363638,7.77286681931606,4.8335913178558
2.96367060820106,2.22402299360177,9.43659866232627,6.94278545984378
3.04954750312168,2.22293302681986,9.68470805594319,6.93852756688379
2.8816434128421,1.91798207020077,9.19280476608708,5.65689085909889
2.89962721220596,2.06150668161777,9.24684333667799,6.28369493491853
3.05166472990726,2.28245613052959,9.69073636580493,7.16804878040698
2.72807782431899,2.14970065597183,8.717135107007,6.64755977960847
2.62315953876111,2.16157297609148,8.37649409771305,6.69539804355437
2.6560768542657,2.25529622142978,8.48481274600248,7.06407184564035
2.47237916640974,2.01823459045015,7.86230150674869,6.09943290518004
2.20952912217238,1.72279831532386,6.88599460102046,4.72468876812759
2.06296337593741,1.54442124429167,6.28983035908033,3.77531533864642
2.16535136589017,1.65619656545769,6.71056756469634,4.38223759375386
2.14762262049194,1.79467314414116,6.63915939309434,5.07970727977309
2.16235932755486,1.77888059797447,6.69855727992685,5.00293596694994
2.15411166622216,1.75602293628037,6.66536425562824,4.89060368282475
2.25749138783018,1.78334473711684,7.07252204372003,5.02470608903412
2.44093455182225,1.91799610581616,7.75112269884354,5.65695442140331
2.19775318382644,1.71878668657863,6.83957835755495,4.70443962111432
1.84261531455514,1.48032179655327,5.30869352799363,3.40712267649602
1.95505750229188,1.50987328943825,5.82319070840552,3.57881004511127
1.84174350728817,1.4097915313513,5.30458295016226,2.98309794846393
1.76221281827319,1.43470666804859,4.92116711921009,3.13526233540796
1.70828022928866,1.45752532404228,4.65118229252901,3.27232218452191
1.90993603942922,1.5587278908843,5.62037647387539,3.85540612928235
2.11754677929209,1.67699712014332,6.5166602644848,4.49064633611766
2.31354388756687,1.78568120708017,7.28555484825349,5.03607856066118
2.32482729701624,1.79137516265308,7.32781392526205,5.0637309688819
2.25600993823256,1.79385666422093,7.06682016961308,5.07575476719555
2.16538002277579,1.75364948644467,6.7106825155088,4.87885584770282
2.08351396861823,1.657370142035,6.37592832935266,4.38839021294542
1.81009305407471,1.50014592649199,5.15401803696784,3.52267014095009
2.00054388000934,1.62085549897002,6.02296163303988,4.19488597498077
2.12297767670209,1.82766225702281,6.53890855090293,5.23791886665074
2.11606575754847,1.86534991352394,6.51058318878199,5.41520622700566
1.93438570366636,1.75222946769991,5.73086147635383,4.87181959406328
2.0783321937762,1.71939189796226,6.35429929939426,4.70749751889999
1.8251608974745,1.48122936840851,5.22602311618115,3.41244628482213
1.54444197655786,1.34580134828996,3.77543193699549,2.57961918128786
1.39754438319003,1.26671027711641,2.90731218188041,2.05354588191627
1.43684590778502,1.27411343282779,3.14820390844681,2.10416188900056
1.48550577298707,1.24305874752492,3.43748687804853,1.8898330816502
1.55270438370177,1.21590681756046,3.82177558272642,1.69800587093918
1.56607099401375,1.37267408065534,3.89622891701264,2.75134866497705
1.53270261171469,1.54759889037738,3.70915794874724,3.79316819323598
1.59660237038548,1.54616954289608,4.06393539416063,3.78514228203535
1.60943459850507,1.50351278194464,4.13346666503714,3.54214249115742
1.48849832407256,1.42825090289805,3.45496700005865,3.09609014561644
1.47842720149702,1.40570883342908,3.39599889017454,2.95790747867952
1.4968104466149,1.43584099365145,3.50333611104931,3.14212696799668
1.64311345890183,1.59395875587452,4.31335106022544,4.04954159430292
1.64230586985549,1.60473450947654,4.30908090243504,4.10806384252335
1.48678639654635,1.45054739722808,3.44497157669704,3.23063848239875
1.53501137783075,1.39888526621157,3.72223197816375,2.91564191964995
1.68453818488394,1.52405217596159,4.52961719914695,3.65999670679503
1.67327801126129,1.48218574727671,4.47136207956945,3.41805265535444
1.33142610236719,1.2153171579697,2.48634133927283,1.69379258719296
1.17965952878199,1.14228150769442,1.43513360192916,1.15546292184491
1.11878758630096,1.05772436470649,0.974952778750244,0.487450169049325
1.13380041465768,1.06856310120615,1.09073222973528,0.576003467698854
1.22983798948337,1.12084223949472,1.79695808394937,0.990889783773723
1.2685000216309,1.21498028179852,2.06580957926981,1.69138459447942
1.24300915340738,1.09582110501065,1.88948653517688,0.794793209825595
1.24552174285691,1.0892985556587,1.90702626684197,0.742938555715988
1.20430758284205,1.15835224990992,1.61474841735753,1.27681293099696
1.28450158218892,1.18553354035096,2.17469287092613,1.4782769053527
1.18727260223511,1.15815768130782,1.49100892086219,1.27535383825918
1.18053676883851,1.13838331311087,1.44159036205169,1.12577042112776
1.23344305890016,1.19107749257133,1.82238210730151,1.51880035982004
1.19346348604743,1.21412928342914,1.53618272658409,1.68529867861394
1.3160058053668,1.39750312166023,2.38515610217279,2.90705573322
1.28566666669357,1.3954443886104,2.18256768310936,2.89425067244606
1.16150676950827,1.24081176525673,1.30043490608315,1.87411805526398
1.28795707873013,1.31609624702472,2.19802780735082,2.38575301387611
1.33775945889513,1.33666906578657,2.52756060845846,2.52047794788968
1.35079355367902,1.40386941051353,2.61177958815244,2.94653422238429
1.40534508605952,1.50586683299734,2.95565958901516,3.55573135958407
1.36082476982565,1.33300500483721,2.67604411468715,2.49663559996665
1.2912077818277,1.30738917971829,2.21992269568021,2.32809772628801
1.08873575013774,1.2268383317384,0.738449676235495,1.77574673522755
1.20704878146063,1.22434739683244,1.63449643908152,1.75809324378916
1.30365544471044,1.40678769273268,2.30325645623248,2.96457120481643
1.24340896354208,1.32883987145943,1.89227987609764,2.46945301040549
1.27810160599146,1.43384325914891,2.13130761114843,3.13003357883624
1.28201884643317,1.45642107819877,2.15788819229513,3.26573911354862
1.10366043166963,1.19963916743116,0.856709450896605,1.58101273497312
1.05505241458633,1.1788259582406,0.465480714952254,1.42899381258608
1.11630814552927,1.17131732264083,0.955681874659238,1.37349132250437
1.18797299361296,1.30698008896559,1.49613135737853,2.32537942845492
1.21177412443849,1.38632488188686,1.66843349145648,2.83730036131481
1.26690028952777,1.32938743908975,2.0548487078989,2.47303141926072
1.09482524897741,1.11077752670261,0.786896091990779,0.912541690059577
1.05407606791397,1.08113044067807,0.457439061614697,0.677561913277377
1.23154157589032,1.20438135907956,1.80898155736297,1.61528050121936
1.18131148949487,1.28101474012378,1.44728855907941,2.15108254052356
1.17219600589813,1.22964981310392,1.38000474494961,1.79562896227951
1.26370171582654,1.32344683500429,2.0328915033252,2.43412999354782
1.35900996089706,1.41369165586941,2.66445279832573,3.0070938927911
1.29052230302594,1.3925198457377,2.21531028991697,2.8760278662576
1.30741898820344,1.47161154090247,2.32829576239284,3.35586370129274
1.28982892332486,1.4229258304629,2.21064222795366,3.06364526436763
1.32871559007631,1.42368518034136,2.46864061390485,3.06827928662947
1.21544559250025,1.33797166012145,1.69471046217597,2.52893829280324
1.20106875343611,1.33468695252993,1.59135737342491,2.5075882993077
1.21501704727288,1.36212157118127,1.69164742674595,2.68431741345869
1.10505738948245,1.16439462978831,0.867696660664052,1.32200387592839
1.05549893148808,1.10551227164445,0.469155959902118,0.871271355805075
1.04209751980598,1.14684173347825,0.358167245525009,1.19006977006398
1.07502150491823,1.16200984892621,0.628343040826096,1.30419618098607
1.07133504545754,1.15548216807856,0.598506235276486,1.2552649527744
0.971403564932732,1.09512736736747,-0.252006141044437,0.789292643396236
0.988902201683911,1.19181420642029,-0.0969331239545457,1.52417115816013
1.04313082871991,1.29474965333812,0.366775614895616,2.24371606820126
1.03688328943658,1.22219279456777,0.314597507603504,1.74279438020304
0.995533702793134,1.14637004286021,-0.0388806556883281,1.18649656958451
1.00735181680369,1.24387964767463,0.0636234808264613,1.89556723926098
1.02180253923214,1.14994249948767,0.187339551836531,1.21352249786281
0.917467521934404,1.06409699979294,-0.748186013873324,0.539624374118613
0.896928366262544,1.18095570522976,-0.944844815354,1.4446721718291
0.913935408448553,1.22803700823354,-0.781689930960429,1.78422909879728
1.02125807418417,1.38059285416181,0.182710062726589,2.80131242369203
1.01143960782055,1.38321428513434,0.0987991307020605,2.81778930923551
1.01166278809333,1.25457434016101,0.100715513412661,1.96992801313448
1.0202920580482,1.30436995036703,0.174490122359314,2.30801570240074
0.96762872420118,1.33861626329194,-0.28582496046297,2.5331219417381
1.0377430973392,1.49887743784699,0.321797066066006,3.51532244692032
1.25180870915841,1.67466117948648,1.95075937454656,4.47853906012611
1.25004382990238,1.52452323469112,1.93850481617761,3.66268095344744
1.04431768907552,1.35280727244381,0.37665268643782,2.62471858566904
0.893696690777954,1.15741404230167,-0.976197003766096,1.26977494256427
0.92777966545878,1.10539437839328,-0.651103006593548,0.870345031964395
0.978302637518053,1.05056184523685,-0.190535512172021,0.428432477143102
0.848016525630026,0.950584159109986,-1.4319136878846,-0.44018854453325
0.830523385071732,1.08540223000118,-1.61296269195482,0.711814190386266
0.883130904503408,1.14757927328281,-1.07949834317518,1.19565391486384
0.796773534013468,1.02495275145858,-1.97330200129565,0.214076912639914
0.828708439998485,1.10327004616637,-1.63196476105036,0.85363654446197
0.887891130604852,1.24033672396902,-1.0328056456028,1.87079205017648
0.719653963460909,1.09109622001776,-2.85752556815851,0.757261024235136
0.753217917374797,1.04394340583436,-2.46158715270245,0.373539107423357
0.872590077439609,1.10250917226335,-1.18379459704415,0.847644224870821
0.851702104766327,1.17164595552864,-1.3942455900838,1.37592795396185
0.787256379828274,1.14884694965306,-2.07767622416846,1.20524350938874
0.81011229746347,1.21769028730852,-1.82909550419714,1.71073683955085
0.824705687757347,1.1243787105522,-1.67402020445431,1.01825227806711
0.815986112166932,1.1648399182783,-1.76634465483927,1.3253249040588
0.846149717735325,1.15323607682978,-1.45105572187921,1.23836440035577
0.87803000063372,1.18253566427007,-1.12981289629513,1.45628495119277
0.963709296030054,1.36335565308615,-0.321079035013859,2.69218326525685
0.986798266811001,1.45887582827429,-0.115432439322552,3.280366572753
1.00331408679201,1.48305158393945,0.0287381979447738,3.42312514100792
0.946492422593085,1.43016156803613,-0.477657171017596,3.1077020659849
0.866270557498501,1.23447973399597,-1.24692891999005,1.82967929344386
0.860089607337523,1.18738037596652,-1.30912599966473,1.49179733984052
0.840374133741251,1.1776801989386,-1.51054646816611,1.42054746110692
0.785441846667914,1.19785302841068,-2.0977192832926,1.56807070387301
0.724778404005939,1.10121954547945,-2.79589511348972,0.837478221126544
0.698279209113166,1.04134487652129,-3.11941777300888,0.351891692331341
0.682871384389502,1.03656100348274,-3.31322171875007,0.311897323895626
0.695304364024594,1.02609012796058,-3.15650089579546,0.223710185435012
0.692733484419023,1.06658564775973,-3.18867639027036,0.559914708244349
0.697232804516829,1.04830259749682,-3.13244375408995,0.409733237959841
0.633169246334701,0.982539382507157,-3.96960374831913,-0.153000661030142
0.705583667532254,1.05234541919032,-3.02902961145645,0.443166298741414
0.705735545162324,1.04362803112279,-3.02716016572581,0.370914708649083
0.685039215163954,0.974972827388216,-3.28569133097386,-0.220149759461095
0.698082136424219,1.00452583039109,-3.12186950463795,0.039222173643212
0.700370500920789,1.11056519613091,-3.09344308721214,0.910881180945674
0.643877004912456,1.05168690674514,-3.82394169595089,0.437729341770349
0.623140647080351,1.02747091358761,-4.10827838119754,0.235390727804989
0.638080442321048,1.08717753231577,-3.9024913329782,0.72600937316228
0.676131690378384,1.0315612558537,-3.39937416298387,0.269900444329048
0.6403993441262,1.0186543699913,-3.87098243082359,0.160537052688474
0.625509501344738,1.05879281616909,-4.07532178175332,0.496219719667648
0.67450741552257,1.10539353628976,-3.4202654267999,0.870338414940545
0.662969199409574,1.17803008464515,-3.5701329564048,1.42312763293578
0.683863313541481,1.19853045317775,-3.30061387515225,1.57298146791956
0.689766774707097,1.16433576651842,-3.22595457887067,1.32156476982408
0.693970704239356,1.14696383468453,-3.17317725533332,1.19099448453688
0.668669211728891,1.10397722675593,-3.49577346075382,0.859202294018619
0.643683169888722,1.03442878134546,-3.82655692073,0.294011911956073
0.654734742298489,0.987846804722493,-3.6786922685252,-0.106208011532636
0.650654740208453,0.99433128694078,-3.73298803810135,-0.0493779032078096
0.665070045249113,1.01053221404186,-3.54265224692485,0.0910032527735938
0.626310002513908,0.9927614349757,-4.06421304644943,-0.0631020375707612
0.552904159468137,0.93750191126434,-5.14700285750074,-0.56055676425639
0.592318120795218,1.00001024820521,-4.54889961559275,8.90143233438958e-05
0.597153241837152,0.985811411288325,-4.47828411294955,-0.124123179278813
0.587351179747664,1.03819757236564,-4.62204309182221,0.325600180522593
0.595216436698822,1.01762928423287,-4.50650168805282,0.151791922803487
0.584238472697135,0.987315882886057,-4.66819695375665,-0.110877529256635
0.57763353404877,1.02668395139605,-4.76695204181585,0.228735468071554
0.5525870956474,1.09558184619136,-5.15198522424116,0.792896547501286
0.549126576222105,1.01026597649995,-5.20655074237385,0.088714543360898
0.578189790850379,1.07862093591434,-4.75859161949501,0.657376912846504
0.58018889285999,1.13897042620721,-4.72861179180425,1.13024895213933
0.632588757743751,1.21889224438053,-3.9775706111387,1.7193062741489
0.648360260828005,1.19445698050794,-3.76367223402765,1.54341025686306
0.637496711836811,1.28761434373133,-3.91044101897227,2.19571611964816
0.65867849959071,1.25763246791608,-3.62653024905368,1.99107481778028
0.621109788452857,1.16064420358659,-4.13663252770968,1.29398213636003
0.572572626536353,1.064882120164,-4.84338837003206,0.546030702053739
0.565109135893612,1.01983188895614,-4.9573534315996,0.170571754534518
0.487274127184776,0.95685973468676,-6.24453295518503,-0.383034408855431
0.452502090822991,0.924560063770919,-6.88758819521799,-0.681297395516607
0.428759746452862,0.890051605457119,-7.35571989139929,-1.01169624203378
0.427853468631594,0.87772758924565,-7.37409885622348,-1.1328050086268
0.431443686038282,0.943056813567967,-7.30151764619986,-0.509242856264572
0.430671324298998,0.940555625694985,-7.31708088438151,-0.532310292160323
0.433570101337026,0.904701264023797,-7.2588134810561,-0.869896057970758
0.404420634273489,0.974226918407674,-7.86333388048828,-0.226797496221022
0.402827442236302,1.06949250193979,-7.89761902424346,0.583554882824341
0.419245110966117,1.03322936977251,-7.55063986449442,0.283934851861639
0.428599438227247,0.98819041595596,-7.35896805062326,-0.103187249321134
0.46020596460055,1.04496672575709,-6.74095513723629,0.382049233818819
0.465448947922181,1.04142189755341,-6.64255894033692,0.352534103371749
0.463103663502327,1.01922872334108,-6.68643566785473,0.165433084220294
0.480603784470452,1.04964793483824,-6.36425627413122,0.420873112895111
0.465383600853743,1.00739398916766,-6.64377848820576,0.0639871043646859
0.475611256222888,1.07745459036805,-6.45495751093913,0.647979515065592
0.459705994526412,1.14873724806596,-6.75039666100562,1.20441406785592
0.424815508820914,1.17770417330854,-7.43599273531154,1.42072428042679
0.357267008208871,1.11734649308202,-8.94014173664983,0.963757404996751
0.321866655001321,1.00822116552077,-9.84648026740827,0.0711162062678116
0.298348576286731,0.901033993472242,-10.5055206051854,-0.905176480109632
0.281541388703443,0.791459171736222,-11.0091550312273,-2.03142967533776
0.28016963804391,0.763384569966071,-11.0515786190097,-2.34513245091144
0.282939841217275,0.857689258802483,-10.9661178905535,-1.33340057475619
0.275757532203165,0.838681771997784,-11.189452323025,-1.5280559176836
0.270185732553427,0.920432482100117,-11.3667517618619,-0.720161269256849
0.267679175875272,0.828079795079827,-11.4477082695174,-1.63855623789867
0.281978410069881,0.855819035900661,-10.9956828510924,-1.35236115548362
0.302670775163431,0.845148373032033,-10.3805902196524,-1.46134080485328
0.336450812934654,0.826989910677272,-9.46156836029833,-1.64999577663747
0.33916817870677,0.824624050604934,-9.39169801393944,-1.67488005834564
0.316119594008127,0.898323683087759,-10.0029716899228,-0.931343011639315
0.308036489709985,1.06381130899728,-10.2279566868074,0.537292056766011
0.300554502645203,1.04456504905746,-10.441535228516,0.378709806710604
0.268630184794057,0.923367825424958,-11.4169037832371,-0.692505248585637
0.27340783085894,0.953343426101998,-11.2637810133506,-0.415012476346597
0.277830521911789,0.894043152815021,-11.1244009048889,-0.972830371796455
0.289647871319352,0.844390927351909,-10.7625931774194,-1.46912883325091
0.320062846227017,0.934898212420227,-9.89529474049062,-0.584713412295086
0.339720335903595,0.898541158648277,-9.3775691034371,-0.929240495431104
0.293283132509484,0.816740185239882,-10.6542582745658,-1.75832151468801
0.269655335700527,0.930221671449696,-11.3838196371385,-0.628270938257763
0.269328910456044,0.907875204943428,-11.394340516053,-0.839476895861088
0.2712996921262,0.848730977703343,-11.3310139816032,-1.42459892571158
0.25433575798725,0.766134667349221,-11.8918515298856,-2.31389771057948
0.255034712537547,0.796295190659245,-11.8680140824966,-1.97851814501173
0.256831549434101,0.906672014424549,-11.8070325635018,-0.850995782204357
0.26381811101759,0.884485519404683,-11.573907872153,-1.06618545732643
0.287696931389924,0.9178778328776,-10.8212954064431,-0.744302368084353
0.299654107804223,0.939171257225858,-10.4675952881349,-0.545104144314593
0.243300419452896,0.941880183110803,-12.2771428467908,-0.520086808758656
0.186647729444245,0.825305896292575,-14.5795457773127,-1.66770104236218
0.173538703002662,0.771194328960068,-15.2120730542328,-2.25672345426231
0.158184316296384,0.758386247015786,-16.016731565135,-2.40219102656729
0.154287009924204,0.699322377042305,-16.2334127497315,-3.1064514981007
0.151678582579223,0.664114788025352,-16.3815147684875,-3.55513698199306
0.135215563571273,0.691735379052414,-17.3794663477529,-3.20120023214535
0.127068085079459,0.765262041757975,-17.9192702972379,-2.32379655698054
0.10994769589855,0.69997653114206,-19.176277348625,-3.09833041589669
0.110625841271952,0.679283065344499,-19.1228682723904,-3.35898424636042
0.127068778120286,0.605440120516155,-17.9192229237395,-4.35857606331257
0.119964265560078,0.651099653980037,-18.4189620092557,-3.72705070908419
0.127017177723292,0.717770077911946,-17.9227508271865,-2.88029300611269
0.126235959169923,0.692125345393715,-17.9763383147419,-3.19630493504945
0.105155524777215,0.695843115834457,-19.5633580986923,-3.14977329995896
0.0928099837247011,0.761536829800055,-20.6481060697328,-2.36618176534672
0.0899005837312386,0.718454520243692,-20.9247497670189,-2.87201436917131
0.0937733875781617,0.693853875448228,-20.5584078950622,-3.17463963322104
0.108702973303173,0.684199330565714,-19.2751715338214,-3.29634710146281
0.126336639955119,0.625586287956774,-17.9694135553797,-4.07425558035713
0.122959304644603,0.597804790635569,-18.2047720301834,-4.46881217943573
0.0948401311253741,0.581980027215466,-20.4601570848118,-4.70183839012769
0.085699010555698,0.68316066117823,-21.3404838445421,-3.30954299641343
0.105472053101747,0.757832923057135,-19.5372520000364,-2.40853062594336
0.109076840018066,0.794084065078765,-19.2453490432469,-2.0026703779754
0.10625699649086,0.764744585150636,-19.4728492844076,-2.3296717879451
0.10657130377672,0.773568299642747,-19.4471944219791,-2.23002671366948
0.110810799886322,0.71079485983968,-19.1083582032598,-2.96511442969642
0.106686656157526,0.628987869476703,-19.4377979319518,-4.02715460365841
0.10630384683979,0.696563858499414,-19.4690203857213,-3.1407812567995
0.100147294671485,0.77508486167492,-19.9872155604814,-2.21301490627377
0.10185260945757,0.809727713711572,-19.8405567984691,-1.83321992644292
0.110592774324888,0.806849578172735,-19.1254649422433,-1.86414847429927
0.0879702988842526,0.737314646995692,-21.1132786497145,-2.64694277219648
0.0701849244848221,0.658265973538855,-23.0751232605846,-3.63197186933386
0.0729675478367648,0.60905197318672,-22.7374049699326,-4.30691290907976
0.0685438516465524,0.556679988832717,-23.2806299030413,-5.08788780291567
0.0683056067939005,0.532805747726358,-23.3108729249895,-5.46862197584007
0.0625965587584539,0.567276584969822,-24.0689908288566,-4.92410284195348
0.0658325764762252,0.605405019187182,-23.6311829536009,-4.35907965581948
0.0685385875791559,0.601653957225769,-23.2812969922576,-4.41306444983722
0.0661486301671858,0.602982546776952,-23.5895828986126,-4.3939051650961
0.07379372111412,0.648553108142255,-22.6396117883354,-3.76108910004046
0.0740148792975043,0.617747227158326,-22.6136192953194,-4.18378390621628
0.0707805588636372,0.630781588212714,-23.0017202523268,-4.00241983426657
0.0676869849964852,0.599636694402465,-23.3898966078617,-4.44223597248266
0.0610492129958413,0.572775821002942,-24.2863986061318,-4.84030646996198
0.0636267942851927,0.609568850266043,-23.9271991462524,-4.29954468189987
0.0694545015556063,0.561599411937775,-23.1659920215932,-5.01146711273287
0.071437896844317,0.514583077216087,-22.9214267941351,-5.77089000544074
0.0644538912821424,0.500426694275233,-23.8150171561738,-6.0131906355588
0.0524719768946758,0.497215627227101,-25.6014514668334,-6.06910460334949
0.048840429021861,0.497726551537252,-26.2244105960138,-6.06018381849146
0.0495521298442466,0.506010769884194,-26.0987534795884,-5.91680479160321
0.05243228129876,0.522362508785315,-25.6080249193822,-5.64056001949698
0.0645999508083344,0.51182724608011,-23.7953562542398,-5.8175319810403
0.0700290389437509,0.505539654266659,-23.094436674608,-5.92489545808676
0.0650666160268652,0.50956544338054,-23.7328355877987,-5.8560006345693
0.0535985854906574,0.582546202020495,-25.4169334306626,-4.6933924966195
0.05298942239257,0.678976832229649,-25.5162162891196,-3.36290088571483
0.0685475430082239,0.674705436190247,-23.2801621455984,-3.41771581325943
0.0726843776794228,0.614957834946876,-22.7711784724198,-4.22309321872504
0.0609034924274373,0.525022067233249,-24.3071560526049,-5.5964488470724
0.0597286482170067,0.54366814723066,-24.4763462825031,-5.29332221939165
0.0631217559925116,0.529364347504404,-23.9964185586944,-5.52490623249175
0.0551897580227466,0.454457778569728,-25.1628302015417,-6.85012917451408
0.0525334668387648,0.440221356778986,-25.5912787574906,-7.12657784054776
0.0546142701232156,0.497408303468096,-25.2538773195183,-6.06573938251688
0.0622906174066259,0.510765593880299,-24.1115472900587,-5.83556730613611
0.0637173940802092,0.481963663248878,-23.9148398864602,-6.33971406698116
0.0578629709238466,0.490372216072923,-24.7519854328728,-6.18948288839164
0.0624879748935666,0.508607182676498,-24.0840709938659,-5.87235021805709
0.0667963979676455,0.53835555895911,-23.5049391292177,-5.37861596288185
0.0691720505543244,0.464092782370094,-23.2013869958299,-6.66790371462803
0.0716100225632524,0.434072246755684,-22.9005237886767,-7.24875961454005
0.0756096836680881,0.446538678544162,-22.4284515782586,-7.0028183435368
0.0685295069195079,0.411674414756585,-23.2824478597581,-7.70892246453475
0.0543823501667494,0.385827147706177,-25.2908405607901,-8.27214435270274
0.0632053907110251,0.438427643932912,-23.984917593779,-7.16204140666798
0.0662304949865313,0.448763909351528,-23.5788399831281,-6.95964154661239
0.0664593639299178,0.506682502202644,-23.5488763917657,-5.90528186792848
0.0634546909729576,0.548873633212197,-23.9507253316331,-5.2105526270525
0.0681281264552605,0.514168842301549,-23.3334710826035,-5.7778848870601
0.0710321941698413,0.533172489151256,-22.9708953970737,-5.4626453516317
0.0762504988171846,0.471658577698268,-22.3551462178944,-6.52744525935513
0.0733686622997827,0.438864113822523,-22.6897879832637,-7.15339860438292
0.0679945185260936,0.387254606111067,-23.3505219428824,-8.24006815843916
0.0602897589232714,0.34663843698183,-24.3951290543242,-9.20246564469961
0.0432237636834174,0.406364605413371,-27.285548397471,-7.82168252742976
0.0381791197536057,0.43142700132894,-28.3634817758186,-7.30185355179065
0.0494388225041904,0.426305685739442,-26.1186376297531,-7.40557750052682
0.0510052257649728,0.435636604580694,-25.8477065154432,-7.21751271149765
0.0473221666264809,0.479998838760142,-26.4987075917934,-6.37519626584961
0.0484530714814006,0.460006121307165,-26.2935737488822,-6.74472778235828
0.0530110017059507,0.449832562234907,-25.5126797837014,-6.93898220579391
0.0495005459536444,0.427380416956961,-26.1078002219963,-7.38370763138365
0.0505828018865402,0.461283768430617,-25.9199423570245,-6.72063653996295
0.0493325724103423,0.431518663175574,-26.1373247596852,-7.30000832625763
0.0512851407213288,0.441574557102938,-25.8001689697039,-7.09991915974951
0.0526634346100452,0.498951445651739,-25.5698164087584,-6.03883429440598
0.0464791247617727,0.511988804662553,-26.6548411729016,-5.8147907072972
0.0485345290758056,0.486481968870344,-26.2789835984406,-6.25866503865184
0.0540959024868875,0.409634973083593,-25.3367125887108,-7.75205944060409
0.0476441484132896,0.433025877252982,-26.4398086236495,-7.2697229961487
0.0439414731558066,0.482033739749877,-27.1425077454366,-6.33845124873481
0.0517355602351461,0.44818470435401,-25.724216873081,-6.97085938297152
0.0591772034287014,0.403244678299373,-24.5569112479149,-7.88862710744547
0.0562866250455055,0.392446270806768,-24.9918958184304,-8.12439586828006
0.0553532021746554,0.361474612559083,-25.1371450037245,-8.83844398192136
0.0464385200407902,0.374043914658214,-26.6624325867485,-8.54154812849711
0.0339212004302502,0.373800620720612,-29.39057573974,-8.5471996356385
0.0345314962911704,0.38463589367666,-29.2356920548357,-8.29900380921332
0.0425268294830978,0.447842855524354,-27.4267398836089,-6.97748699463058
0.040406515373153,0.408944104324143,-27.8709720232997,-7.76672097151639
0.0376761388789904,0.346014541321416,-28.4786722181509,-9.21811299044796
0.0377789209250329,0.344893232012736,-28.4550090188059,-9.24630655790367
0.0475568129504055,0.361073834084973,-26.4557451518954,-8.84807964848075
0.0445604418720901,0.388882850638894,-27.0210102248827,-8.2036241680159
0.037628155001978,0.388571365698944,-28.4897415130095,-8.2105841250146
0.046848104412746,0.377596038602591,-26.5861595404501,-8.45945141152915
0.0464709687829946,0.389546068451127,-26.6563654732877,-8.18882348942942
0.0416093900317275,0.333720007959335,-27.6161730130507,-9.53235509460291
0.042659306901946,0.339482389045939,-27.3997240987377,-9.38365500431458
0.0380219768909358,0.383539990071394,-28.3993061289461,-8.32378694658734
0.0371986191185703,0.366591198142498,-28.5894636326395,-8.71635933324983
0.0417763090217442,0.329461848615495,-27.5813986601632,-9.64389738134264
0.03496370736587,0.339294679131802,-29.1276504663053,-9.38845901940632
0.0379972363765261,0.324207915066112,-28.4049597887539,-9.78352773376144
0.0425839029089948,0.334952620992421,-27.415090740452,-9.50033239041226
0.0472686897151146,0.364280702720174,-26.5085287228786,-8.77127668628539
0.0508051416348741,0.348497976180717,-25.8818466713855,-9.15599479241551
0.0513883769548505,0.355512065984941,-25.7827019761987,-8.98291309689795
0.0478607152361912,0.373796566434957,-26.4004163105193,-8.54729384433368
0.0424551211920518,0.372695364457008,-27.4413983009561,-8.57292017836897
0.0380694377343411,0.392878711408936,-28.3884707488066,-8.11483006607041
0.0349911829535762,0.416654787842428,-29.1208274998554,-7.60447246533731
0.0376861654671702,0.385877153592322,-28.4763609873666,-8.27101867384314
0.045090802773962,0.383205083389913,-26.9182406532838,-8.3313747688247
0.0450546705894926,0.411422382256076,-26.9252036248404,-7.71424170902939
0.0413438061876833,0.402676835947791,-27.6717908782113,-7.90086705073189
0.0321582761972051,0.423149915767383,-29.8541447818711,-7.47011482480017
0.0369692152843731,0.412893940061992,-28.6431953549341,-7.68322982213544
0.0357829893112321,0.333956442091575,-28.9264676257677,-9.52620348969011
0.0441752764436213,0.289278906572313,-27.0964144809905,-10.7736646552968
0.0471855924146641,0.29562920344951,-26.5238117603624,-10.5850533358203
0.0401644738496522,0.264972486257331,-27.9231583574993,-11.5359843844313
0.030209184761514,0.244932655394612,-30.3972198926497,-12.2190661829905
0.0315416935349332,0.322285932281763,-30.022299845297,-9.83517301887162
0.0404247841954924,0.358784095637295,-27.8670457972411,-8.90333633653054
0.0448376585277562,0.355204224414342,-26.967141496486,-8.99043755669034
0.052419927291951,0.33631427775064,-25.6100717153757,-9.46509389862593
0.0553268089803013,0.324798801558888,-25.1412875471758,-9.76771163771344
0.0422020979709863,0.334875636734638,-27.4933191729112,-9.50232895225391
0.0343012218320835,0.32818296058994,-29.2938081965319,-9.67767942933125
0.0342066205286768,0.294735678776279,-29.3177966035514,-10.6113457622853
0.0355161244205257,0.260629382327392,-28.9914886251042,-11.6795325043692
0.0368938747030791,0.253980468002167,-28.6609146299183,-11.9039936176047
0.0393854457166358,0.277813473911873,-28.0932847069883,-11.1249338974056
0.0369292977370445,0.270890551984137,-28.6525790199164,-11.344122837152
0.0329391817085562,0.254256935447369,-29.6457438798115,-11.8945438370962
0.0367723403633133,0.245784773275592,-28.6895745744871,-12.1889005158279
0.0439750361729328,0.294165307198646,-27.1358758925783,-10.6281709544419
0.0419213312610973,0.298022835949839,-27.5512986854826,-10.5150091381373
0.0489634936875092,0.312005451071646,-26.2025520316805,-10.1167563664481
0.0469180211207395,0.350829270876296,-26.5732062714826,-9.0980835826461
0.0450300813575154,0.330233028749903,-26.9299453676087,-9.62358984578463
0.0551132243094167,0.306963525938605,-25.1748836108004,-10.258264505092
0.0643109084793184,0.307082847133651,-23.8343071074371,-10.2548888292794
0.0629721142995368,0.297774739728068,-24.0170344988287,-10.5222429256331
0.0486258679072696,0.3080181574898,-26.2626526803276,-10.2284736267968
0.0468545986502796,0.314132369290206,-26.584955557454,-10.0577462016821
0.0459342634610289,0.293628588340079,-26.7572648596944,-10.6440332561881
0.0511462080856089,0.284250587342258,-25.8237311759047,-10.9259725852768
0.0513813996333243,0.317786046639619,-25.7838813938612,-9.95730351453338
0.0558370467740452,0.26879992801222,-25.0615511929604,-11.4114170385473
0.0546587902582933,0.224777378106576,-25.2467996921506,-12.9649479775263
0.0472718615057085,0.188431853130171,-26.507945907934,-14.4969136158567
0.0462883093887562,0.200915417992904,-26.6905736176738,-13.9397346953671
0.0470724863313424,0.202087224854346,-26.5446572399591,-13.8892227995233
0.0392682173418455,0.203295612086767,-28.1191762787284,-13.8374399006352
0.0356290284769001,0.197263767857217,-28.9639203943346,-14.0990535169207
0.0335158360340501,0.186915158691665,-29.4949988579749,-14.5671095241426
0.0355114994074643,0.197456520311096,-28.9926198005798,-14.0905704126815
0.0435371109536071,0.209442367485927,-27.2228078671917,-13.5787092321132
0.0437123070950559,0.221364798576049,-27.1879254249037,-13.0978287892583
0.0367911890590317,0.21212014756448,-28.6851235184896,-13.4683615886014
0.0323775880379453,0.188353541119779,-29.7951101411938,-14.5005242095782
0.0372293766594179,0.176433044598114,-28.5822847043947,-15.0684014291398
0.0370942911371861,0.153343489378684,-28.613858475297,-16.2866931692329
0.0379716036073468,0.160203235768023,-28.410821229121,-15.906574326583
0.0374294407743293,0.199506174993938,-28.5357332308546,-14.0008731550043
0.0335140117561363,0.193768666629378,-29.495471646655,-14.2543289843155
0.033502348758188,0.196520881748818,-29.4984948939121,-14.1318259188547
0.0298100490427627,0.198521555636258,-30.5127461895227,-14.0438466056624
0.0300332891853268,0.195994138124234,-30.4479420427918,-14.155138350255
0.0382582020653421,0.220445385023824,-28.3455088677991,-13.1339797720597
0.0502368374505026,0.229279938434565,-25.9795541692654,-12.7926788712386
0.0583990851450555,0.221587518658899,-24.6718791260966,-13.0890941144521
0.0502964129529222,0.202502990848102,-25.9692597383653,-13.8713711626421
0.0361364296297737,0.198988000980359,-28.8410951808733,-14.0234622170451
0.0331660130150352,0.200097530384323,-29.586134663455,-13.9751654283832
0.0370405084652395,0.181552736044742,-28.6264612053895,-14.8199440355252
0.0332105244317223,0.174891910696116,-29.5744853269333,-15.1446055509965
0.0328682239255651,0.173333083601158,-29.6644752582922,-15.2223707360108
0.0334454969330022,0.180856154338032,-29.5132469383696,-14.8533341616502
0.0389416323399384,0.180239581768568,-28.1917169570031,-14.8829965805684
0.0388667714601476,0.166123174408192,-28.2084306668069,-15.59139557306
0.0317271369009961,0.146755527620315,-29.9713823488529,-16.66811063707
0.0342055269838674,0.158919945186038,-29.3180742855092,-15.9764318682315
0.0437684456453055,0.157610864720113,-27.1767775254271,-16.0482769646758
0.0404850505135341,0.146589793326332,-27.8541062902926,-16.6779253492004
0.0458259012691256,0.151302762061503,-26.7777796981348,-16.4030628754754
0.04765992316898,0.165354003184582,-26.4369332420216,-15.6317057289543
0.0365547902826431,0.169968078835127,-28.7411140665978,-15.3926526886085
0.0300454481574519,0.155253793825288,-30.4444262734497,-16.1791555695968
0.0282327348399961,0.140242083486805,-30.9849410141844,-17.0624328966279
0.0286602794350967,0.149745426770537,-30.8543915917331,-16.4929286420315
0.0325478475280678,0.15148794894404,-29.7495545428943,-16.3924382891441
0.0408191168352561,0.165943686275914,-27.7827279187704,-15.6007853342481
0.039902083572779,0.167964161315596,-27.9800885220871,-15.4956674849195
0.0349053864399781,0.164791611208546,-29.1421509905269,-15.6612980006623
0.0357623561821417,0.164832175605084,-28.9314775138576,-15.6591601824135
0.0411870122013677,0.163405122108392,-27.7047942320165,-15.7346866833003
0.0447534330724588,0.178691575811589,-26.9834728797047,-14.95791842552
0.0435095762321529,0.162372814472769,-27.2283029312194,-15.7897336290855
0.0388948842501904,0.141630437614456,-28.2021503323634,-16.9768680589883
0.0341277205854376,0.14020819216705,-29.337854351758,-17.0645322082711
0.0367670482607271,0.172891526685761,-28.6908246969033,-15.2445258145437
0.0440134134880126,0.205124233304103,-27.1282989629743,-13.7596605840952
0.0375297443270435,0.190363843313132,-28.5124878845241,-14.4083107136459
0.0357067062641262,0.15980797822077,-28.9450041819681,-15.9280308570408
0.0378438053323137,0.125773388868486,-28.4401040036852,-18.0082247438102
0.0352483208504409,0.127407947496609,-29.0572313395551,-17.8960696117137
0.0346384657191657,0.132891959636697,-29.2088270585309,-17.5300258876988
0.0370687368214887,0.168195394406552,-28.6198442604198,-15.4837180080041
0.0483362362336595,0.202464203341851,-26.3145433907687,-13.8730350208731
0.0580952537550442,0.180512157734999,-24.7171869398671,-14.8698708491931
0.0482251122521371,0.169743058243483,-26.3345350557751,-15.4041595489839
0.0495799606618396,0.150218504392013,-26.0938764429947,-16.4655313252855
0.0506790055156073,0.123199494006498,-25.9034383190717,-18.1878215172366
0.0401206494378064,0.106992953761202,-27.932640912348,-19.4128964544065
0.0355863672557903,0.109628075459325,-28.9743268717233,-19.2015641988526
0.0348887723065432,0.127483513235507,-29.1462862515506,-17.8909195318653
0.0361175836402622,0.158465803175183,-28.8456262562093,-16.0012888764543
0.0304332824867492,0.154699814035019,-30.3330240556959,-16.2102041673331
0.0332575742583712,0.146417563250804,-29.5621886108222,-16.6881365030647
0.044072949056575,0.133005835962261,-27.1165577707653,-17.5225860572596
0.0505694849332229,0.133636454694417,-25.9222293955311,-17.4815010897525
0.0494516367246212,0.129689967432032,-26.1163865955087,-17.741872376149
0.0396205339760667,0.132374574075079,-28.0415935132051,-17.5639084851325
0.0286092724429837,0.133552099330302,-30.8698637303087,-17.4869856166635
0.0238375039868513,0.125504066966089,-32.4547844261931,-18.026844012374
0.0279220462021407,0.141232490174525,-31.0810551724558,-17.0013076690316
0.0233694801314753,0.13375052471754,-32.627018972988,-17.4740901103986
0.0174968978264647,0.110557398204008,-35.1407788848736,-19.1282438058624
0.0177051278567109,0.101307068142555,-35.0380186531657,-19.887205061556
0.0166275324946118,0.0734552816387812,-35.5834438953259,-22.6795394354292
0.0128052852141464,0.0616084411993059,-37.8522148795604,-24.2071955894634
0.0173144527547626,0.0673978066754007,-35.2318246065095,-23.4270847293143
0.0217909585738947,0.0834580022113297,-33.2344732985202,-21.5706403098071
0.0225258263736466,0.097786671915375,-32.9463853539866,-20.1944066891264
0.0234029264240349,0.089855424660318,-32.6145966549212,-20.929113979575
0.0212863916873349,0.0854127843265944,-33.4379590146258,-21.3695424112881
0.0216140677988573,0.0903894869887005,-33.3052698114825,-20.8776415693204
0.0193444476290647,0.0914706500226709,-34.268873336507,-20.7743646930874
0.0220835762718516,0.0962341720166767,-33.1186118893612,-20.3334137186921
0.0265147521362065,0.0932302701671645,-31.5302485674997,-20.6088611451576
0.024592656730646,0.0900902922616548,-32.1838910428468,-20.9064400837121
0.0167041143102088,0.0895333962378288,-35.5435309337541,-20.960298825193
0.00926240408374001,0.0680148912867515,-40.6655255259864,-23.347919835392
0.00776670379360193,0.0395403324524473,-42.1952651528825,-28.0591936697659
0.00662098703318067,0.0267212284937394,-43.5815452531684,-31.4628715857655
0.00501048029048263,0.0238436674353735,-46.0024128379098,-32.4525388843008
0.00373201430623665,0.0214568620758923,-48.5611340021135,-33.368675808416
0.00376681733996688,0.0167652325763877,-48.4805087807916,-35.5118083485014
0.00377747317211831,0.0126371011724343,-48.4559722273623,-37.9670507508188
0.00330075479713589,0.00816977236021462,-49.6277347373026,-41.7558008866833
0.0020735898373694,0.00423175183406565,-53.6655428854918,-47.4695961779454
0.00143997413842961,0.00391318224634584,-56.8329061530696,-48.1493985097132
0.00120024829630664,0.00330787472792566,-58.4145780363598,-49.6090189183075
0.0010154162160495,0.00274928596287977,-59.8671181051246,-51.2156017062833
0.000869592970933846,0.00247175966398984,-61.2136795876574,-52.1398751836164
0.000740663541386831,0.00211202624563961,-62.6075806529169,-53.506013784643
0.000658154579272449,0.00177749546115639,-63.6334418529262,-55.0038299913985
0.000632898500154847,0.00173542829717034,-63.9733186703373,-55.2118665080341
0.000576272749839196,0.00151205180027376,-64.7874383275911,-56.4086666080758
0.000623016270829187,0.00133531648067144,-64.110012221261,-57.4883158167736
0.000590855940336524,0.00118935503299304,-64.570367876228,-58.4937697057067
0.000536572908957689,0.00109443430731038,-65.4074251642989,-59.2162060310089
0.00055115640871471,0.00123277530619423,-65.1745027669756,-58.1823214716947
0.000495180801959345,0.0014237147830925,-66.1047240230843,-56.9315401091472
0.000467837647130699,0.00174564424756221,-66.5980966645065,-55.1608851675097
0.000494975433346292,0.00206204336607662,-66.1083271092844,-53.7140441093747
0.000479355616907817,0.00217162178060733,-66.386843587288,-53.2643162234535
0.000471068647863775,0.00223032485899303,-66.5383159883773,-53.0326374996403
0.000459229273302448,0.00221176050272738,-66.75940871758,-53.1052380353679
0.000462116335862353,0.00214631623598057,-66.7049735770624,-53.3661257832531
0.00046202404048423,0.00201300594786499,-66.7067085244615,-53.9230988378342
0.000451288076026198,0.00175715624898475,-66.9109228259161,-55.1037923733409
0.000451843713986375,0.0014809296259533,-66.9002351042278,-56.5893115748334
0.000453015972642695,0.00122664564085902,-66.8777297033067,-58.225617603594
0.000442144524938151,0.000989699648111886,-67.0887149694113,-60.0899316829709
0.000441376979386895,0.000767266196705482,-67.1038064359911,-62.3010787000715
0.000455986990345864,0.000632907032735213,-66.8209509581851,-63.9732015701202
0.000452355162596102,0.000540156234140039,-66.8904089768825,-65.349612143863
0.000442592548836251,0.000446193164962315,-67.0799180362158,-67.0095417353639
0.00040213134567455,0.000478507616049838,-67.9126414564742,-66.4022229097973
0.000414511471889164,0.000532054689269347,-67.6492689109971,-65.4808744959346
0.000424608308066538,0.000540958388032386,-67.4402302499311,-65.3367228140596
0.000418073273090892,0.000514931629677356,-67.5749519094633,-65.7650086162638
0.000428870513883287,0.000513807512226268,-67.3534762353018,-65.7839910066654
0.000461635999663425,0.000530620137802419,-66.7140066207228,-65.5043254387319
0.000451074493699791,0.000499240704766363,-66.915034593431,-66.0338002479737
0.000447612876387796,0.000516203617039173,-66.9819485740743,-65.7435791335939
0.000450589553087916,0.00053279772709853,-66.9243776321313,-65.468752730459
0.000450488421210779,0.000554255232753875,-66.9263273420397,-65.1258039599247
0.000450631380898006,0.000568762858914857,-66.9235713664781,-64.9013754289336
0.00046577455799031,0.00056594751542155,-66.6364847525311,-64.9444768468951
0.000459054845821871,0.000551413845080646,-66.7627084759724,-65.1704466736858
0.000463452606088526,0.000554981724713498,-66.6798934274393,-65.1144263550874
0.000467440535952545,0.000551273822234606,-66.6054725749835,-65.1726525984097
0.000453971775467984,0.000521536020847638,-66.8594229490054,-65.6543138170358
0.000468237966044413,0.000474832257479936,-66.5906675079991,-66.4691957029559
0.000461250540447736,0.000487273424783907,-66.7212622393858,-66.2445454758187
0.000472512749552237,0.000495418422200476,-66.5117293733386,-66.1005569630272
0.000457648155850759,0.000507507367251947,-66.7893656668228,-65.8911529782992
0.000421726572805374,0.000511329099760959,-67.4993806683839,-65.8259898170518
0.000398676532912583,0.000508006050699457,-67.9875865446662,-65.8826222988202
0.000415252195698844,0.000503560933717484,-67.6337612496628,-65.9589593969003
0.000414467718826722,0.000517700867807635,-67.6501857838844,-65.7184221404343
0.000434425243668611,0.000501466576324721,-67.2416989323138,-65.9951601641964
0.00044200274023256,0.000499832989056627,-67.0915007639597,-66.0235016751776
0.000449241526467635,0.000463796162340049,-66.9504021148997,-66.6734569846564
0.000408310084286881,0.000468050038854506,-67.7801978780983,-66.5941542873766
0.000414537855598505,0.00047388307342599,-67.6487160705808,-66.4865760707461
0.000458712549753814,0.000440204536385241,-66.7691875599383,-67.1269097255704
0.000455749250262181,0.000416674123260985,-66.8254807423139,-67.6040693944502
0.000440697639152627,0.000459455543808273,-67.1171855205814,-66.755130077844
0.0004436342131594,0.000446160044422714,-67.0594993670774,-67.0101865055039
0.000443737648811409,0.000447548568176456,-67.0574744422391,-66.9831965590738
0.000422266024881395,0.000437523735474606,-67.4882772017226,-67.1799676342718
0.000438096544067273,0.000427384136108762,-67.168603454968,-67.3836320453244
0.000438910338540049,0.0004321182224981,-67.1524837844214,-67.2879483806255
0.00041291650935873,0.000431972969782467,-67.6827550535711,-67.290868556368
0.000437949345821488,0.000436402933680644,-67.171522360803,-67.2022467713424
0.000438581051503313,0.000427704850917215,-67.1590027110503,-67.3771164812032
0.000409069423274371,0.000437273377257483,-67.7640596302475,-67.1849392645427
0.000404342328712132,0.000441639560156833,-67.8650158404623,-67.0986406263967
0.000441205029939883,0.000441785311444397,-67.1071909009432,-67.0957745544746
0.000424175823764593,0.000425730260127885,-67.4490817614076,-67.4173095973733
0.000431343625786358,0.000420121997053563,-67.3035323079765,-67.5324915751969
0.000463224729679456,0.000402944783322284,-66.6841652690044,-67.8950892479674
0.000437327789049024,0.000426103148023271,-67.1838585094851,-67.4097051449473
0.000402741486837343,0.00044006130128551,-67.8994726188523,-67.1297364268379
0.000401687983802178,0.000412291494540685,-67.9222231934204,-67.6959124896215
0.000400501897761517,0.000440711641683782,-67.947908433772,-67.1169095433642
0.000424555001368258,0.000441976847501813,-67.4413207730229,-67.09200960241
0.000421513973796433,0.000440318419550237,-67.5037604662373,-67.1246629321129
0.000438007459927277,0.000467980863214661,-67.1703698548649,-66.5954381167312
0.000471591567234626,0.000476934912011275,-66.5286793869,-66.4308177140865
0.000465240377811678,0.000479228203454742,-66.6464520052768,-66.3891526168686
0.000452167007332137,0.000450873143451585,-66.8940225884345,-66.9189126590559
0.000437339910815681,0.000428921695711985,-67.1836177590208,-67.3524397145428
0.000429095047648325,0.000423159852745362,-67.3489299559752,-67.4699108534004
0.000436958511350928,0.000427608497873733,-67.1911959354993,-67.379073452661
0.000445883125038662,0.000423747665879811,-67.0155792743028,-67.4578536199452
0.0004370934149421,0.000430116899577197,-67.1885147270293,-67.3282698678702
0.000436811530531129,0.00041587376789973,-67.1941181212702,-67.6207694559228
0.000446793592900966,0.000413810747631993,-66.997861267427,-67.6639646776274
0.000413149210712102,0.000419472114594116,-67.6778614518192,-67.5459380926736
0.000411769890050355,0.000414985472475507,-67.706908271556,-67.6393421300548
0.00043257459810836,0.000386494874885076,-67.2787797407159,-68.2571252133808
0.000420849450896954,0.000397582288594148,-67.5174647026631,-68.0114594139229
0.000449748569215024,0.000421734310354282,-66.9406041920221,-67.4992213071208
0.000442800236738102,0.000420750128196879,-67.0758431120531,-67.5195148605692
0.000418725762094024,0.000422173581774587,-67.5614063665514,-67.4901789377862
0.000426914497384823,0.000412581803042921,-67.3931819389491,-67.6897986107436
0.000427289668172535,0.000406454002462981,-67.3855521651821,-67.8197719094826
0.000424762728380902,0.000423357290376798,-67.4370719651164,-67.4658591421691
0.000437744527394909,0.000405770938327912,-67.1755854936761,-67.8343812148453
0.000423390601071049,0.000422842219508867,-67.4651757439177,-67.4764331243444
0.000421547214719316,0.000421151529963436,-67.5030755171691,-67.5112323452059
0.000421466865596578,0.000433857604178005,-67.504731251352,-67.253055726207
0.000411157010435294,0.000422943246842882,-67.7198460080158,-67.474358101037
0.000434747587762085,0.000419786275102602,-67.2352563808476,-67.5394352952841
0.000438134066799872,0.000445504082197777,-67.1678595450648,-67.0229662425154
0.000438864733226181,0.000440665040549798,-67.1533863453081,-67.1178280435136
0.000446998470796866,0.000409457397891161,-66.9938792521541,-67.7558255568634
0.000453876030452381,0.000427474202493826,-66.861255041646,-67.3818017849214
0.00046278776150756,0.000440086244765588,-66.6923626910355,-67.1292441086666
0.000424178444264959,0.000438567846009516,-67.4490281013322,-67.1592642435269
0.000406762407139309,0.000418183267609023,-67.8131838252304,-67.5726669641043
0.000432833346728305,0.000409468230409462,-67.273585746283,-67.7555957678441
0.000450549206153925,0.000438145781656182,-66.9251554235924,-67.1676273043047
0.000456689255299935,0.000461281197676007,-66.807584121652,-66.7206849469405
0.000425361552098268,0.000440776034680616,-67.4248353599485,-67.1156405285386
0.000439269470475783,0.000414781377097874,-67.1453795888998,-67.6436150169806
0.000426760853282314,0.000425985275542534,-67.3963085039397,-67.4121082461684
0.000430416129366461,0.000424983059135571,-67.3222292466661,-67.4325676329033
0.000433059811716197,0.000431524496584009,-67.269042345247,-67.2998909083943
0.000434180389383099,0.00043361524508548,-67.2465959241747,-67.2579091447019
0.000412656187605844,0.000446652929922531,-67.6882327688571,-67.0005962562276
0.000422089732374711,0.000425038937000222,-67.4919042446276,-67.4314256648873
0.000441500040565225,0.000409182994210347,-67.1013850436647,-67.7616484803352
0.000449939086485303,0.00042135616008864,-66.9369255553352,-67.5070130490735
0.000445243293598148,0.000421815241135281,-67.0280522660536,-67.4975546454932
0.00041766040247594,0.000436487816183197,-67.5835339470019,-67.2005574876564
0.000426906762417145,0.000460175983284639,-67.3933393139848,-66.7415210205674
0.000444105309707941,0.000445846001866535,-67.0502806877053,-67.0163024709924
0.000460814516286755,0.000439836450977073,-66.7294769699983,-67.1341756358293
0.000464815480272855,0.000438300120956618,-66.6543883315832,-67.1645681898967
0.000450624029465952,0.000430653068405374,-66.9237130659936,-67.3174490817265
0.000441648615342593,0.000438987396906781,-67.0984625365132,-67.1509589588209
0.000446951592007634,0.0004271250274972,-66.9947902291917,-67.3888996046886
0.000429511401098996,0.000431719045624656,-67.3405060723398,-67.2959758335812
0.000469531081392226,0.000439526197402293,-66.5667130719895,-67.1403046849245
0.000471293296439122,0.000431939467272,-66.534174749904,-67.2915422336904
0.000463204242907932,0.000427430970283986,-66.684549423304,-67.3826802687948
0.000479109596479084,0.00042850405625992,-66.3913026042868,-67.3609012529738
0.000444238461402155,0.000437694959291814,-67.047676873805,-67.1765690980944
0.000463677720718098,0.000448069498626125,-66.6756754209514,-66.973092374996
0.000455856514644825,0.000467590641412817,-66.8234366863636,-66.6026837920964
0.000463096810728681,0.000462566736570364,-66.6865641982048,-66.6965120159747
0.00047313316073471,0.000418383653521339,-66.5003322451414,-67.5685058386552
0.000446232145751139,0.000409791382264788,-67.0087829428333,-67.7487435772715
0.000436178415175896,0.000424510340230329,-67.2067165964184,-67.4422345347713
0.000445362004521997,0.000432574258422981,-67.0257367397668,-67.2787865614374
0.000420323841666816,0.000409973289505342,-67.5283195036898,-67.7448887484501
0.000418805610075237,0.000450118911678997,-67.5597501879823,-66.9334547972051
0.00041740948203797,0.0004340882676344,-67.5887537910848,-67.2484390388351
0.000419511815468559,0.000438728431109945,-67.5451160568709,-67.1560844181662
0.000452390804957811,0.000454669649210011,-66.8897246176667,-66.846080710072
0.000444697449331032,0.000442894478944962,-67.0387072308834,-67.0739946706057
0.000440090023060933,0.000440611025746626,-67.1291695375662,-67.1188927873271
0.000428970564534851,0.000454651339283006,-67.3514501515818,-66.8464305051548
0.000441629749583656,0.000464927137947345,-67.0988335767347,-66.6523020633547
0.000452565966087587,0.00045703739748469,-66.8863621802337,-66.8009652390086
0.000437636906381312,0.000418389810070951,-67.1777212123823,-67.5683780260206
0.000412966434356752,0.000437381001937737,-67.6817049216443,-67.1828016977004
0.000414935075521561,0.000458561385476501,-67.6403970319528,-66.7720503824637
0.000423402162433177,0.000441257904403774,-67.4649385649529,-67.1061500373767
0.000450342255709593,0.000431043781181511,-66.9291460236319,-67.3095723248649
0.000462902648273408,0.000408440814097314,-66.690206692089,-67.777417337011
0.000449802584201146,0.00042470623223614,-66.9395610757812,-67.4382273205252
0.000425897662911316,0.00042688253637021,-67.4138948617091,-67.3938322336557
0.000439350597681149,0.000419387509712961,-67.1437755691876,-67.5476901585539
0.000440843250263326,0.000422349870631173,-67.1143160857899,-67.4865526901773
0.000429148904554745,0.000422204087638249,-67.3478398343499,-67.4895513262924
0.000436448615032558,0.000429095626424669,-67.201337606016,-67.3489182401931
0.000462041471347122,0.000434114288423162,-66.7063808365444,-67.2479183914402
0.000449648006907765,0.000424889680688497,-66.9425465456611,-67.4344763301732
0.000409287819952634,0.000427503198546482,-67.7594235877234,-67.3812126313061
0.000456490668617857,0.000409657265729875,-66.8113619139274,-67.7515867607562
0.000461535476238852,0.000419415555484158,-66.7158982202753,-67.5471093250218
0.000462948919346743,0.000447840786082744,-66.6893385066242,-66.9775271314392
0.00044229439428699,0.000427674194911858,-67.085771298326,-67.377739069939
0.000425370097274151,0.00041102138965275,-67.4246608690742,-67.7227115349145
0.00045283109221885,0.000404147727896748,-66.8812752267009,-67.8691971689146
0.000438428837804404,0.000416119397036653,-67.1620177543686,-67.6156407896618
0.000417786633478829,0.000407923209639517,-67.5809091760203,-67.7884316778401
0.000439043630612041,0.000425405249154779,-67.1498463790983,-67.4239431111909
0.000453053697540237,0.000435373377932287,-66.8770064161078,-67.2227626115754
0.000449586445974764,0.000415634306539485,-66.9437358049676,-67.6257722576251
0.000465810833132673,0.00040839584071901,-66.6358083102289,-67.7783737921326
0.000445676495836164,0.000423916210792697,-67.0196053841423,-67.4543995090129
0.000427883851730696,0.000437937303983099,-67.3734820682454,-67.1717611909742
0.000445375599680783,0.000422353938316198,-67.0254715976008,-67.4864690360897
0.000427340772397991,0.000417614468009995,-67.3845133871517,-67.584489277316
0.000428338910576174,0.000438978635042287,-67.364249444548,-67.1511323244985
0.000409078797575012,0.000427685682695537,-67.7638605852854,-67.3775057608399
0.000414477995022629,0.000404133516955431,-67.6499704310523,-67.86950259396
0.000413170928923277,0.00043201812198531,-67.6774048685256,-67.2899607066115
0.000400495245101792,0.000453156831535492,-67.9480527146067,-66.8750293688857
0.000415101290243309,0.000457262081690328,-67.6369183343723,-66.7966962171021
0.000446841338824632,0.000439307905937089,-66.9969331125188,-67.1446196190115
0.000437941953186172,0.000409860406327025,-67.1716689808563,-67.7472806746176
0.000474664840738756,0.000413061353455808,-66.4722587209583,-67.6797087253062
0.000464910451934474,0.000428484833840209,-66.6526138013784,-67.3612909052041
0.0004427325380573,0.000423384433755458,-67.0771711786995,-67.4653022677768
0.000472416190958062,0.000417890194398003,-66.513504527553,-67.5787563851581
0.000478348046828915,0.000428296434767489,-66.4051198998224,-67.3651108149988
0.000450995107159906,0.000448407680267594,-66.9165633950342,-66.9665391494953
0.000431073359206983,0.000432147510299584,-67.3089763235723,-67.2873596945261
0.000430698184279849,0.000405235795860913,-67.3165391822964,-67.8458439780695
0.000444002972216519,0.000381305432907751,-67.0522824529818,-68.3745401355417
0.000458844501720896,0.000398153132715357,-66.7666893605519,-67.9989972568914
0.000437821282664162,0.000424723315688459,-67.1740626205993,-67.4378779449192
0.000446228271887629,0.000422596006153354,-67.0088583477482,-67.4814922334051
0.000418329954427386,0.000430987665030322,-67.5696207348394,-67.3107031854593
0.000425623145067133,0.000428712119437504,-67.4194952692587,-67.3566847813649
0.000444530174905127,0.000437745646133313,-67.0419750718282,-67.1755632952812
0.000438392264917181,0.000422571910211394,-67.1627423447357,-67.4819875070391
0.000431404144045535,0.00041757994846882,-67.3023137480694,-67.5852072728372
0.000428432621033556,0.000440670573856475,-67.3623493844643,-67.117718977931
0.000422404229287252,0.000449670415285506,-67.4854348423011,-66.9421136918659
0.000441778864229223,0.000436295651814915,-67.0959013133475,-67.204382304655
0.000433307104629993,0.000444898371571216,-67.2640838017586,-67.0347836773039
0.000441436666306988,0.000447214227652832,-67.1026319321667,-66.9896877655442
0.000466622096227225,0.000466156709755289,-66.6206939931281,-66.6293612052126
0.000434669458415157,0.000468637393016487,-67.2368174794934,-66.583261231861
0.000449633090827167,0.000452006113228553,-66.9428346856659,-66.8971138292824
0.000463543901928966,0.000447082452950438,-66.6781825567075,-66.9922474989195
0.000439829127795443,0.000434128232689989,-67.1343202552142,-67.2476393948239
0.000425738409186532,0.000406714118376516,-67.4171433391735,-67.8142150310531
0.000415698003160785,0.000392160450068858,-67.6244412331538,-68.1307241533419
0.000429321141471324,0.000407630372088972,-67.3443544923138,-67.7946692931537
0.000481601702897812,0.000430001206766305,-66.3462397224708,-67.3306065120728
0.000455118972456495,0.000394697907591904,-66.837501195325,-68.0747035183881
0.000442964476358131,0.000390557155995418,-67.0726220146013,-68.1663080082302
0.000452677624208759,0.000445656581617472,-66.8842194417862,-67.0199935055083
0.000449036077280849,0.000449390797396369,-66.9543752942071,-66.9475165057565
0.000436697910559855,0.000419400338532371,-67.1963777202861,-67.5474244663176
0.000417766330015493,0.000414765630956369,-67.5813313004087,-67.6439447613979
0.000434172153299693,0.000398523662260039,-67.2467606906906,-67.9909177471451
0.000439650583093539,0.000427227964670919,-67.1378469303115,-67.3868065566321
0.000446091637435758,0.000433175184366736,-67.0115183618678,-67.2667286217879
0.000427091460807232,0.000439591611290551,-67.3895822339019,-67.1390120758802
0.000431369092513091,0.000431155302998745,-67.3030195041817,-67.3073253584278
0.000427746203976573,0.000423156119411814,-67.3762767181145,-67.4699874851177
0.000431343532428194,0.000446264051654397,-67.3035341879134,-67.0081619179922
0.000413834181513734,0.000456405821625698,-67.6634728142607,-66.8129764926229
0.000426084512563354,0.000428729977148355,-67.4100850273504,-67.3563229840931
0.000432165725286963,0.0004189277855034,-67.2869935926,-67.5572166795926
0.000439267378479782,0.000435635070830222,-67.1454209550563,-67.2175432920564
0.000433267774507585,0.000436751209105067,-67.2648722324208,-67.1953176807904
0.000440272143962037,0.000428466530861002,-67.1255758300454,-67.3616619359627
0.000444768794551222,0.00042181200523995,-67.0373138183411,-67.4976212783096
0.000471451169661893,0.000409929090762146,-66.5312656489717,-67.7458252145835
0.000483717898961805,0.000413808928982387,-66.3081568432368,-67.6640028511755
0.000459513212079397,0.000435452319048541,-66.7540399423284,-67.2211878444827
0.000422099847313871,0.000455415634115879,-67.4916960988571,-66.8318412884838
0.000424389346440215,0.000440379505427519,-67.4447105368984,-67.1234580123003
0.00042595402356439,0.000445063731316237,-67.4127455010374,-67.0315559072501
0.00043333923435909,0.000452296588184047,-67.2634397667731,-66.8915337652421
0.00043423916982579,0.000422817404087084,-67.2454200859904,-67.4769428897606
0.00043384924557147,0.000444317958664187,-67.2532230682856,-67.0461226574811
0.000463023193709295,0.000428751889558871,-66.6879450760698,-67.3558790591848
0.000470969966377962,0.000437023819701545,-66.5401357364965,-67.1898978288744
0.000446075459838314,0.000440452232008334,-67.011833363007,-67.1220236973697
0.000460173426294477,0.000450012464906413,-66.7415692842684,-66.9355091304888
0.000446779374207482,0.000431359513161153,-66.9981376902978,-67.3032123926363
0.000427986455920594,0.000434021571774444,-67.3713994894571,-67.2497736922482
0.000451806306179407,0.000433040996354037,-66.9009542323766,-67.269419733555
0.00047594140911823,0.000435072332205689,-66.448930158314,-67.2287706831439
0.000406979519372455,0.000430095094880408,-67.8085489087304,-67.3287102086029
0.00040059243791837,0.000449818901459845,-67.9459450649687,-66.9392459879125
0.000421501529676734,0.000438234586056128,-67.5040168986515,-67.1658670064971
0.000424311869128723,0.00045550840378113,-67.4462963938917,-66.830072124331
0.000431547059187068,0.000435699712364389,-67.2994367715876,-67.2162545354415
0.000427036236639936,0.000417675100552705,-67.3907054172962,-67.5832282832962
0.000430832672407943,0.000428722103593944,-67.3138273837841,-67.3564825004701
0.000438377817831159,0.00043394035093657,-67.1630285903484,-67.2513992825366
0.000449073510311682,0.000438159226420112,-66.9536512418658,-67.1673607767038
0.000444868572038956,0.000431937951165019,-67.0353654823494,-67.2915727212054
0.000452377743462518,0.000443778562968375,-66.8899754015977,-67.0566736098766
0.000459732649495235,0.000446963668543755,-66.7498930447631,-66.9945555414879
0.000457681822490308,0.000427939935393252,-66.7887267175419,-67.3723436644958
0.000441915361986306,0.000443540652737702,-67.0932180221634,-67.061331374569
0.000409006949144997,0.000445801957154909,-67.7653862628513,-67.0171605843336
0.000457751558550872,0.000413597984640817,-66.787403366789,-67.6684317223396
0.000474806295773508,0.000411600796473036,-66.4696706215787,-67.7104758704414
0.000442306922893812,0.000409136633895229,-67.0855252618482,-67.7626326448776
0.000448353201333927,0.000427095242121175,-66.9675944988437,-67.3895053325044
0.000438023392437961,0.000436089141472986,-67.1700539115871,-67.2084945406463
0.000445540693376375,0.000442136693320461,-67.022252472196,-67.0888688222028
0.000440471238520414,0.000430377802660308,-67.1216488896324,-67.3230027222395
0.000430811802969267,0.000413763745610209,-67.3142481365339,-67.6649513063303
0.000418817567098458,0.000432422263185444,-67.5595022068211,-67.2818390913363
0.000445385537192133,0.000429987897542218,-67.0252777945187,-67.3308753583896
0.000428324282144514,0.000416750829687177,-67.3645460860847,-67.6024705377038
0.00040680741624928,0.000414291080315631,-67.8122227665699,-67.6538883391706
0.000436287298834843,0.000419965972011746,-67.2045485995912,-67.5357179428143
0.000457768345439976,0.000443797954632634,-66.7870848394353,-67.0562940733469
0.000477675262125713,0.000463146275286414,-66.4173449880438,-66.6856364856068
0.000456504715881852,0.000448040119413191,-66.8110946333105,-66.9736619138028
0.000452354131078977,0.000447841803094238,-66.8904287835628,-66.9775074064837
0.000430132978908619,0.000387539461205319,-67.3279451638471,-68.233681377416
