0.0300224735083498,0.00497075606400044,0.0744219274328859,0.0183507509478593,0.000467315215985515,0.0133356842840139,0.0335691906733439,0.0887146294325003,0.0253120394416781,0.0318881136111436,0.00852043339018725,0.014424232251863,0.0152155677460588,0.0576155957110839,0.0650859424282448,0.16183670071048,0,0.0899089030620228,0.032589442805327,0.0767024878062197,0.0183653539540816,0.00964273329595089,0.0967630974931119,0.00223723040549735,0.00170959933879093,0.0220071512140532,0.127373567977392,0.0165085388524226,0,0.00348020978157471
0.0285516526155863,0.0219984553501882,0.102936577522391,0.146445641825541,0.00489764170222789,0.0187331073534668,0.00725454671344165,0.0432240420864097,0.00145975424111891,0.0899089030620228,0.000134164150195217,0.125233015859295,0.0648535689547864,0.19613077385993,0.0614050306052385,0.0456784823861255,0.0137030433554583,0.00470709428792361,0.029027097911596,0.0904766203624331,0.00573701692155823,0.155302455287914,0,0.0764839207848837,0.0397914961412535,0.0228621588245144,0.012401506880356,0.00502676741803279,0.0650859424282448,0.0123132554921368
0.00348402687173826,0,0.0808637079182563,0.0339125309242886,0.0499979767351519,0.12125761732304,0.00687115441563569,0.0409892163609653,0.08612502344043,0.137965481612686,0.0969555652847956,0,0.0484406857747804,0.0185683551885008,0.0895174050632911,0.0336040105657518,0.121763308899914,0.0774172122865378,0.0931365600603585,0.0100469667360732,0,0.0342391906375742,0.0158094211872338,0.0419966929786621,0.0251949401609828,0.0265194097876565,0.0299760839831468,0.00906875543437169,0.018891536209369,0.0355396040596919
0.0127097650254878,0.13666203687851,0.0086039903058438,0.0165380582466919,0.0753066350777821,0.0885967182902648,0.0105670105963924,0.0381946400405588,0.00928573297357309,0.0551025644849878,0.143542148035135,0.0100183381433381,0.0281197330847422,0.0323556049467508,0.0152809140455686,0.0123798250036007,0.0602442613520581,0.0225133693718088,0.0156785448554422,0.00430698415465675,0.0176115661944558,0.0244954089825943,0,0.112984530392661,0.0013783244237943,0.0680471777689013,0.00972922420517794,0.0218644583163819,0.0510379369182617,0.087443414135514
0.0262967617172462,0.010626720966173,0.000403442843223535,0.035409244773847,0.0761443390490625,0.122859701498139,0.0121371710370476,0.0224900265957447,0.0183317798927542,0.00619739882617571,0.0235026398352965,0.0530228961984277,0.0822795238522238,0.355908513121955,0.0373552684294872,0.0559532122905028,0,0.0493601039259507,0.0342411683927222,0.0287880902999362,0.0217244338833064,0.00987126208775978,0.0269397299736221,0.0991247676425479,0.148529134550938,0.0896833820527097,0.0156785448554422,0.0049169697156476,0.0535935840193865,0.007210758227657
0.0398690615264798,0.0128870510323937,0.0177991478006717,0.0253745468562464,0.0124892841580782,0.00951282372897553,0.185637944768986,0.0430961683525627,0.0697005641638935,0.0210879146310759,0.0296840987925958,0.0427954706973532,0.123694270599985,0.0161915494571348,0.0219156552550735,0.0380738625386399,0.0157168749629256,0.00466945121581162,0.0378799773698129,0.153844238503567,0.00352861690571093,0.0705232761402754,0.00251922546166198,0.0253683801368723,0.0856975178337458,0.126299105763288,0.0891232165977267,0.076666052372929,0.0343137367588642,0.0153232743046634
0.121437290107735,0.025024842610721,0.0284556261241007,0.132137082498618,0.0304215925597159,0.0843532948487344,0.00696191516205565,0.021915490757835,0.019167618598756,0.0372609786940527,0.0320388531030632,0.143980543271284,0.0317175233298771,0.0129410798949257,0.0208319779702082,0.0150085557664351,0.0339910177726633,0.141845498343399,0.230504041451052,0.0281012629056047,0.123655118121286,0.123694270599985,0.00656971918898156,0.105096508886849,0.000892563158524904,0.0491247845377937,0.267390586709119,0.120521659740587,0.110587302658211,0.193144716404935
0.115549081187708,0.0221376161317568,0.234821549505621,0.00811810114949855,0.013294367158036,0.00780594258855128,0.0103601490323351,0.0398061015818379,0.11653811072335,0.122912819996668,0.0903208637469586,0.000323577425373134,0.011082246719306,0.0101998155265695,0.157773251062693,0.00468316836081888,0.155303905205393,0.00897874125779098,0.102103994272082,0.0570707023562693,0.025677498891844,0.108508841255911,0.0112844916959471,0.0176687744556795,0.143833031400966,0.0276611518413874,0.132736779693374,0.0256012131940781,0.264768404150198,0.00917225988547969
0.0339325315726868,0.278964665751864,0.027882559796753,0.0966891886756121,0.116604406856796,0.0339937505597349,0.0112018082729934,0.0239949071867961,0.0519189417665214,0.0257828486628563,0.0467091151294564,0.0149493875260281,0.0884625580621947,0.0286083633093525,0.00161050029774415,0.122925498172717,0.0740318769290123,0.0595575448909135,0.012654766842877,0.0431751634818333,0.0438781415343915,0.0273086182759206,0.0120406827864394,0.00545622074508901,0.0519508780420354,0.0447589671554197,0.0565880080867008,0.0517991871853125,0.0237954089263224,0.0329313337782574
0.0582579674765493,0.0447295419663897,0.0528521889252611,0.0658851021537842,0.095067349137931,0.085591688693388,0.00398666185744883,0.0436215841822687,0,0.0556943389942614,0.0715119289748891,0.0727392953833001,0.0411017618933483,0.181851907888302,0.0684782697060354,0.0575911948050774,0.277351171423261,0.00818953633548181,0.00142489997936537,0.101880284901072,0.104613062934165,0.062054815961066,0.00253931214051765,0,0.0490096663710728,0.0324415077989601,0.0637735490386092,0.0799411863485159,0.0973860968492189,0.0978118848957432
0.0745203262720353,0.0402721094516182,0.0983499577636335,0.00356730611612997,0.0464139452607768,0.0505353424755887,0.0322764166938739,0.143448581761291,0.0347669545388511,0.0365686589198309,0.0693902299418187,0.119158127878978,0.0614697679894264,0.0501785861688447,0.0321711115499288,0.109099029810251,0.0781735705538809,0.038962096871969,0.00563592839300583,0.0404048695958647,0.0398325596204962,0.0646691940431427,0.033441472803648,0.0381392097250583,0.132331316069593,0.0491460402063863,0.0435192013396026,0.0401651046043943,0.0865620834234039,0.0362266270845211
0.0962482947984952,0.0158969924986499,0.257664914924303,0.0403378108502362,0.0426546641984258,0.0564031144504876,0.00338541666666667,0.0181350539885412,0.0625961916041751,0.00435213147759104,0.0530932799353072,0.0723586949766713,0.0528685809576023,0.0330829634563477,0.140648449931289,0.065698409711525,0.0377594751747409,0.0745937260562609,0.0629352011596471,0.00176635513162523,0.0218941591154361,0.187800431176762,0.0484493677278604,0.0818120162833627,0.0459034565436858,0.0675235384163731,0.0230968346756496,0.0571652401884301,0.096411230758329,0.0681259885858413
0.032983958544197,0.0483649388398063,0.102978297317437,0.059363436765462,0.108565927032889,0.101887747630788,0.0108539356904871,0.025250267624426,0.0365686589198309,0.0769380348139469,0.206616073227236,0.0515322868877617,0.133465436117808,0.0584492294269816,0.228179171310149,0.0449499327629355,0,0.044882622183313,0.0491341663257753,0.0329502167872963,0.0561022476848905,0.0621828765174507,0.0539217183723162,0.0335454645726945,0.0766183820942777,0.0456749977038942,0.0783929756446498,0.0442538426021817,0.0439200506554899,0.0614229819069125
0.00575106216457961,0.0443519674676026,0.0597129775524915,0.103501867706581,0.0518897116303309,0.0584396555741984,0.0479267383368946,0.037406686866416,0.279659139838368,0.0446152336534909,0.0221711825809681,0.0245105360997421,0.307783408227033,0.0708964464634828,0.0551846641380045,0.110535431969315,0.0661659784196414,0.0581586445847603,0.0227457503119037,0.0750266055610236,0.0542900389112591,0.119419425451925,0.0718450388929088,0.0722611881658311,0.105361449688797,0.12936433545882,0.0113443404885451,0.0425028790271341,0.108850414721997,0.087237870617685
0.0131342300066706,0.0381683139778635,0.0494895120877298,0.0537917130411422,0.196016972225984,0.0617605851351823,0.0878918023693905,0.0361708341417669,0.0414672757153906,0.0619573666799182,0.0497580370825407,0.0854604555453491,0.0644803632376688,0.0971604231949691,0.0565653813968293,0.0160331956890764,0.0771668117466559,0.0520890813777881,0.0465774687810636,0.0197986016757246,0.0132955594207014,0.0255722093717356,0.100249507081072,0.271689512022007,0.03973388671875,0.0710526157763259,0.156194029850746,0.0698868822306866,0.0722194273904449,0.0583398086428999
0.084159249941607,0.00120710741338196,0.00879543516412893,0.0571197172191495,0.0799766224424552,0.160483887029955,0.0704200114678899,0.014888206460916,0.0246209252302472,0.177267662865382,0.0389354789424465,0.0356543421561051,0.100162511409075,0.126554074754902,0.0942893541353501,0.0427055654599685,0.072420776640935,0.0603264274831539,0.0633410253558719,0.0882175073704543,0.0989409928991627,0.0374705901398722,0.0745305366420025,0.119208151647287,0.0829189791537747,0.0455145725294255,0.0615151969852015,0.18444273307601,0.140349383011979,0.0463051080028329
0.0898935716787083,0.0301605060557886,0.0626037317861821,0.104275402722058,0.0908483409257776,0.0507649401806008,0.0600170879297794,0.0631049941059122,0.0581446976757456,0.0630842959582144,0.043018482349537,0.0452632139812447,0.0696219066993646,0.0696945723801541,0.0113759173768939,0.065553226099129,0.0646804400939205,0.0527066541635658,0.0666573622591884,0.226305725524476,0.0780406960137108,0.0100686165775954,0.0908665159234785,0.0605790058918669,0.0680118580220713,0.0459133100964172,0.0673958810219749,0.0068178768989432,0.136175005533513,0.106512034967766
0.118415018980662,0.0776850214067674,0.278363687032254,0.198512455287142,0.179771470198213,0.113536245836803,0.0610876888662666,0.0621516922832049,0.218792047733953,0.0788642386246122,0.112199583027111,0.00920758928571429,0.0382227198697068,0.11660256852465,0.0286330424681681,0.00438129944807656,0.127257063445081,0.0430813064859117,0.153344520086031,0.0449736045853492,0.0688692014767515,0.10332834695916,0.017042426695522,0.0279060957462253,0.0429502610954864,0.131617612348943,0.0469448573469764,0.0781281722023713,0.0409531951690662,0.0786566051798025
0.036857151168651,0.0496475548320443,0.0733513460746804,0.0267063529191617,0.0455929616442355,0.0504888997365063,0.0119277701340453,0.0444422433035714,0.0474139247199714,0.0429404871323529,0.135859735576923,0.0624077421212343,0.0846779840796971,0.0890502842131688,0.068363052739769,0.0560272297745358,0.0783890915511579,0.0792920094616008,0.0274992016587507,0.110010181022815,0.106980350896371,0.0831578148677504,0.0488488886745542,0.040012438515646,0.0717670555950236,0.0562463358992659,0.0796047032267614,0.0885027212835757,0.167506767667173,0.454189921410133
0.0897224371201089,0.0872311736440744,0.0265064931705298,0.0560034449679039,0.0209620715725806,0.110802621710078,0.0529559730237369,0.039440624857345,0.0375843797205438,0.0679673028244371,0.0749483752361077,0.0902313504516659,0.0940064550060649,0.069053157971864,0,0.0382490073726957,0.0303639381641542,0.0584465808276668,0.0457387165491883,0.0760034991608127,0.074126515378684,0.0826763498584797,0.0267240148871079,0.10205501605711,0.0375387026533712,0.0986649802612161,0.0869138802885064,0.100406129547337,0.0400907675468368,0.0779262177278765
0.0359404077248971,0.0559598140978678,0.0547267878380656,0.0502134122478909,0.173214897878176,0.0788333504082664,0.064248104223469,0.166761019205089,0.00731424778229883,0.121762118768576,0.0531002746058428,0.0680998131073607,0.031557856011246,0.0219495441488697,0.116389590106348,0.0352452990390987,0.0584618465215622,0.0606235326578685,0.0576824275835073,0.036199401498538,0.127334183673469,0.033118346705671,0.0708113448954714,0.0285473881819032,0.0863525012893244,0.0709136365622088,0.0529998638847798,0.0982786535938715,0.105285357981221,0.0731290521813546
0.0837881373355263,0.0757392618284627,0.0350937584734273,0.0788437639115596,0.0597159444187067,0.0852696240801377,0.0429642830737382,0.0559813119656851,0.115772085028511,0.0175880563670191,0.0577820454521209,0.0523655779006114,0.129166574001118,0.0895496695663655,0.201462991575576,0.0544135500756811,0.0302244432204869,0.119707280841876,0.0849175119266457,0.0772375778595697,0.056018918059593,0.0804241701369769,0.0525278013679765,0.0355977439934603,0.0914962640397947,0.00280052989415217,0.0986320129128002,0.108015384289826,0.0730722649300202,0.0435158759112459
0.0861304291551617,0.0681120369493452,0.0914659231621481,0.0490931570394288,0.0728030516350987,0.103880624655458,0.0458572571536145,0.0547887282859765,0.103028117571315,0.0695072077815981,0.0776294765715527,0.0865841329875646,0.0845006247456506,0.0936761388644366,0.143631880700421,0.0494505527071111,0.0234574402281488,0.0582121094144053,0.112133787010381,0.0506772911606523,0.135798672106139,0.0606479426508231,0.114231128686271,0.083086328944302,0.121394864573346,0.0628970613016776,0.0715769654559719,0.129041682503337,0.0521062404933418,0.145471546185414
0.0971966077463412,0.0840970505728186,0.0332374768379407,0.0697798643960509,0.0341966034850151,0.0370137126241214,0.102555336936693,0.0581941437591666,0.100655720776539,0.0446687848189415,0.0526567189423866,0.0973466113982318,0.0799359543087482,0.0651307330093644,0.0711912409843662,0.0644757214368353,0.0896701478397608,0.103401919873004,0.0675806086539722,0.0881953873801917,0.125796039660558,0.0206145530523256,0.0695439480027548,0.0644569005382616,0.0612965249362758,0.176259180196568,0.0921607439240173,0.081576990620432,0.0558132650278743,0.0688241102430556
0.0404686945498471,0.192244402066929,0.0895173657161804,0.117660974914681,0.323066845742975,0.0656883338290279,0.0843062277085702,0.0963412563161407,0.12784396124354,0.0924055481160726,0.0503107295252438,0.0672531399806974,0.088706048730429,0.0946432531168239,0.127756134530587,0.093342195297879,0.0466958900606659,0.0353928582852025,0.0591440666141134,0.100561452417232,0.12471198156682,0.0790551598237479,0.109955137512433,0.0294332586093899,0.0572818400920265,0.124175665639892,0.0802121088224894,0.0837828503081723,0.00552377743126962,0.0497880058656551
0.127980247975969,0.053668039098625,0.102371970057034,0.0564605528622852,0.110336464937159,0.0439209872656031,0.0777317817707628,0.0905005882502486,0.14874151297122,0.0658718523074991,0.0709120905031015,0.1000006374949,0.0506765347073294,0.0350151644238611,0.15025050486035,0.0743919380299681,0.00915206462884117,0.0383936638807319,0.0614989309126293,0.0525391268057042,0.113219323948768,0.133525386956471,0.117909744312556,0.0935147775290111,0.078855355470376,0.139359930203046,0.0690374729437229,0.0752876841318202,0.0820675213093943,0.058695419275133
0.0796461998230247,0.0810671283486176,0.0981905986998274,0.0759785934792028,0.108128907319034,0.294253924633955,0.121735441973662,0.0661689814814815,0.144954581725059,0.10001975294127,0.0458247094605099,0.080483481175946,0.0572375422925342,0.108035747300695,0.185099087324016,0.0696239458418641,0.081788831100141,0.10487964452574,0.0566592726076815,0.0703627250423127,0.0881689303498468,0.0705701458718835,0.0466806730611014,0.11999178193306,0.0516637078358366,0.125775465697858,0.0580419868973456,0.00789117346645184,0.0115953119212427,0.113641871422711
0.0767385385045791,0.115074196474857,0.0106159680590694,0.0480766871466709,0.0001549955811418,0.069688654052917,0.0955115876144456,0.0685251261375512,0.0978933714695448,0.0767989527925532,0.120246978615213,0.114604556632678,0.126976930975093,0.078862398745792,0.0894705932828888,0.120034954341351,0.07311229199656,0.163319428094808,0.0774566664395939,0.0899295801965115,0.0922198370406689,0.0711252401584065,0.114436167198283,0.0513789419836302,0.089400785620989,0.149555126647841,0.210831372875914,0.0651111914810303,0,0.0418952035393294
0.11411649315931,0.106342247796653,0.275896538482268,0.0816284679417101,0,0.0642988262306014,0.0912609378074577,0.0916811470539465,0.102018761158415,0.0549119244997604,0.0998585160294283,0.0491609996626349,0.171677392705614,0.0539724327562127,0.0803325737295249,0.0970749754714924,0.0700483395719001,0.0793346117204105,0.0519419247342139,0.140434296342423,0.07529621007989,0.086891399657173,0.209241354552588,0.070220656093821,0.0565078098032447,0.125548870894161,0.102170846599024,0.0494640113540037,0.114873982017927,0.133927133514452
0.185142447520897,0.167433830399292,0.145980977324533,0.103758426009228,0.104629543428892,0.193715336871492,0.141082280818145,0.128246151288871,0.177119382391136,0.0768216752360846,0.0685061814852542,0.118670311518594,0.105700769689531,0.138729518103653,0.0847513747317597,0.0874670476351867,0.101808893240609,0.104994329374087,0.199736550138903,0.0853835836438414,0.0322995007780083,0.266366954187866,0.237619747053583,0.0493502591943811,0.13985490667932,0.0557026921857202,0.0763172741037385,0.0943318698137,0.0490382619073224,0.295785961555157
0.0669462652111283,0.0524241930835482,0.0988969795261481,0.0944715252346075,0.047225803147604,0.0683393895348837,0.075613369139657,0.122657330042221,0.0735825508654845,0.0461377826958752,0.130307799649115,0.459378669673196,0.0616057397261976,0.271318932245684,0.056097185875907,0.0564211572949878,0.0834772732172114,0.107099087055466,0.170287712023943,0.0456620338071138,0.0389332874839555,0.21711776464854,0.339443812799632,0.0655428926832761,0.101167843916445,0.097030104281959,0.0899888068975709,0.0857524214754415,0.097697758623139,0.0617064554969132
0.0519888216929385,0.054596042270192,0.0474536855556949,0.0687815212834172,0.18973760240722,0.106973538829259,0.111287050993078,0.100133599012208,0.291917555174823,0.178107653748364,0.0823793397598449,0.466786187274421,0.0681322303185096,0.105800660188533,0.12045894239037,0.14871481320259,0,0.0889279829266496,0.0428195408950617,0.0475033951026209,0.0585063867314574,0.0523571411566785,0.104685699181513,0.0832208203030119,0.0668648309171229,0,0.075419982450432,0.0500845002414293,0.0833619880359794,0.0867836498038117
0.0826204308834977,0.160111153666082,0.0711346198080967,0.104278869211868,0.11593464784382,0.10033478686944,0.329349142959706,0.18256491062947,0.0775560192231339,0.0970760230301351,0.0817188253133033,0.0944148621114481,0.0603833037644515,0.0708523321075002,0.0597446317178503,0.117826697446022,0.0574036258131283,0.05884487379475,0.0598420939055725,0.0952471879988029,0.0883990883045794,0.121837278701717,0.0969032680915786,0.120977240977363,0.0788302179646752,0.0432858325073701,0.10906204903961,0.0935356583495355,0.0802109636475018,0.185691740672787
0.0405288293927485,0.131548402186495,0.133025928442029,0.0212958633034399,0.090562543126069,0.0695263339156585,0.0558786388864514,0.0699431177069573,0.0817843297853416,0.0711661844763532,0.0825159131052904,0.0266318002614518,0.119738309123344,0.0804595768994859,0.100466365869474,0.09496777663004,0.102433944620585,0.107790681240675,0.103281875914649,0.0773193984842015,0.107533093437092,0.141480950734946,0.0907544227111752,0.057469312093635,0.114711280716959,0.144311510872362,0.0497708544545409,0.0983592420143473,0.11568573310915,0.303910369197816
0.0820275157283485,0.057938277892192,0.0922880690737834,0.0840512168835888,0.0874018596108296,0.119237171947199,0.0643436137192951,0.0814425324921889,0.0938374989629753,0.117218594054284,0.0651053536728721,0.0840336742953276,0.0898218670095304,0.110964458680353,0.109632889339803,0.109486426665589,0.107440349681442,0.0944428056408414,0.113883482871882,0.0947163162600015,0.112531946679781,0.084435112993163,0.203982242057419,0.0638298472396034,0.0792666178139183,0.0775259393170561,0.0695829109482221,0.126615147436056,0.0716803004053347,0.107378234769659
0.0830691115513048,0.0726454102747169,0.108762630545459,0.0431834097774475,0.156551142621145,0.0633617262361615,0.0842142645033139,0.0759182044579692,0.0600282604065239,0.0262556622053915,0.0704020298300517,0.101458401836301,0.0955592498208171,0.114219117940409,0.0965429064951882,0.0774044661038758,0.0586792265275447,0.099271369015834,0.136947711772265,0.0535852111277203,0.0961161114272569,0.0454436208701192,0.0646153291609706,0.0720988132691774,0.163662049393097,0.078188952806806,0.146991723734087,0.299006708982806,0.136531478955961,0.123409109328547
0.0925296733124893,0.0622315699340268,0.0909330351893227,0.0775338769191619,0.0904715177386601,0.121185580994354,0.129544146040756,0.112999720248331,0.105849601407397,0.0859695772241242,0.103452733815276,0.075788380974777,0.0528884122660938,0.057809197910144,0.0846739808974423,0.122216742856991,0.0972366007058174,0.110670203721192,0.156919011856854,0.147404028679901,0.0988655165414644,0.0599386031297387,0.168223208277254,0.0688898842889174,0.128719254886806,0.313219466654669,0.121419361055294,0.168434020585189,0.078660292464727,0.125701449544402
0.176846865859429,0.0620938716926278,0.0775709867887149,0.123961622442573,0.161540581766632,0.181428077762439,0.091092325724746,0.103450664820092,0.110252674818494,0.117235795056919,0.112616624685674,0.119408342242511,0.0730698082717729,0.210107806644003,0.0757969842396918,0.0974181929616343,0.149551974356662,0.117473366943423,0.0951914490591885,0.109408292960194,0.131882013115822,0.077371636920618,0.0491558134113705,0.220293519596001,0.141771769884161,0.102562939091509,0.122338226074458,0.0682853673016035,0.108282291045147,0.0935369969961158
0.167007428825044,0.104663489105505,0.0810188629159567,0.166319744994663,0.0847860408364626,0.127230090868376,0.0832086644617874,0.162178484619063,0.256468123974344,0.0920951152065068,0.0857034984589903,0.125508905365502,0.0742961185079225,0.0785253898219719,0.108696249184348,0.082897609220575,0.19215034879476,0.150642327809747,0.110573299271292,0.0564392432218859,0.0652751671717268,0.092296842053242,0.104030409329084,0.096970894171415,0.123675847457627,0.0725681506608549,0.192043175207428,0.096553119803973,0.0571209093509152,0.0986846410390642
0.0919671238653828,0.150563641973488,0.112581806116002,0.151046221329468,0.177175854965952,0.101616894983172,0.0771580726130146,0.0770089557370266,0.158808797595133,0.0457733266349112,0.0444516718487673,0.101295836867591,0.12432107625227,0.140951308770522,0.107893303216491,0.0593589598429952,0.124462841747998,0.166867248152185,0.147561363863364,0.17120047172497,0.101776024355462,0.107053263567411,0.11680332182553,0.083124109497278,0.0865431394283699,0.107860081117817,0.137888885022272,0.164995637104829,0.113252620879883,0.111200776424159
0.0850822361923198,0.121089583096913,0.0830781609100671,0.0484312935219694,0.128326341140681,0.100632049651664,0.0520852099847866,0.264564480921435,0.0602819991438356,0.130534533933985,0.124711965249862,0.121344684142254,0.127799731376296,0.188779175058472,0.159565239038803,0.0850002675916516,0.162615858655209,0.192502407554901,0.359082280617757,0,0.210932034650662,0.182194763442528,0.103463706487342,0.138715792280193,0.152218850093498,0.116282496382738,0.105835002303245,0.0713450040224619,0.116973117132339,0.15522642497081
0.0590633844252483,0.152404460747675,0.148768133405436,0.0845900152838208,0.112783721203899,0.214615031910333,0.078174511346084,0.0697854702680337,0.0552434668595714,0.182381949240331,0.186116440036286,0.0770884383011404,0.164000917254356,0.0884252966505278,0.0553360782368183,0.0751694755320169,0.0835817827071609,0.0702610516738705,0.0896160128475274,0.189385439956144,0.129968169722632,0.126060037883173,0.0991780922174495,0.134070956829897,0.120906854259833,0.0764244676625045,0.00993661374845869,0.0669589073535903,0.0565485131151919,0.139259079391892
0.129099407401286,0.190580382198983,0.123975797504996,0.0394537829639962,0.100971597231782,0.0404112630373279,0.125742449444677,0.0942284791322673,0.144146693002799,0.128113695289401,0.146542904105913,0.0538173128655777,0.0719281588352567,0.0848399631839966,0.0758824799870724,0.0536634019342128,0.0769950428316029,0.11254109612256,0.101570482244881,0.11713606273855,0.0348141367440605,0.0755428430292467,0.0652609941398339,0.0849159549596115,0.0844276560398703,0.163611492127863,0.0477112637119604,0.0770324719802783,0.0826825412752804,0.157274476091714
0.055017820072869,0.101942780401379,0.119372182214968,0.139834852289546,0.0849572294615119,0.101834517992582,0.0730908648191708,0.13732305800749,0.0984384632179184,0.1206910647907,0.117325519347543,0.0601724016614356,0.237105584167317,0.113878970037651,0.0478487006785515,0.0891914103294408,0.105246030196833,0.0447349866678387,0.0630217889908257,0.252889843443507,0.0485928420847506,0.0944848322901975,0.0640033120088656,0.120997342787778,0.101283804165355,0.0912653593328998,0.218464979049352,0.107772462771666,0.0682488058532147,0.0782915776584888
0.104057600014654,0.0884347555620609,0.0726716684899089,0.0772973389522401,0.0680040047090975,0.0594411132207068,0.0454099871482684,0.0827582525118916,0.122452949084902,0.121126748002283,0.0974416451914363,0.0367378895751499,0.0422721309290453,0.104215035175608,0.116764122331646,0.0388521160274863,0.102296364814456,0.0371831593138408,0.0752319393526891,0.0919980755150733,0.0544575748096715,0.06492489708175,0.110228884974918,0.140774398383066,0.049188091350367,0.0561907642366461,0.0452343100721805,0.0489232680376838,0.158440647002826,0.0739710644954148
0.0871972151726638,0.0815554906011624,0.0483360699268839,0.0460097681427248,0.059202210184941,0.18181876946851,0.103157889741613,0.0593795363967483,0.131254010679,0.204775478953384,0.133926883820565,0.0663996927900984,0.0639707399764151,0.0665275536461968,0.0803801947351536,0.0650128505407445,0.0644960154068291,0.16147678273368,0.0078043271146757,0.0647266529224537,0.0784657539572821,0.0845027166777037,0.156916940012817,0.135097253337067,0.147083606544268,0.079672737273337,0.043473457904523,0.0701084534020817,0.0998779013619344,0.0274583909670435
0.137822601455524,0.0732135653466753,0.0621497602097477,0.0666562176326218,0.0975487619920993,0.0459830851313321,0,0.0340212940664717,0.119717437020572,0.0915282661238689,0.0939719026449108,0.077020615665049,0.0902762855006594,0.0942647021787935,0.06083681572773,0.0761600013268359,0.24412084472341,0.0532455692850417,0.094762252612111,0.063705427184807,0.087450731981982,0.0554333715118114,0.115682364652792,0.0770092125109033,0.0494524644037321,0.0852590906653714,0.06084931684368,0.094543551822692,0.0927134237052799,0.0746196472104548
0.0410739177671277,0.0669759785760309,0.0197801466112013,0.0655796086046413,0.198914822319202,0.0873747324034674,0.0698497627230027,0.125491440510424,0.0697423981952675,0.159787240992376,0.0631132106924871,0.0880355873195851,0.0739098787401112,0.123064710700308,0.0813593399868472,0.0486927267092591,0.0975118486080419,0.0722237593196645,0.0505461964950372,0.10823730729584,0.0462100834024587,0.0849992570695696,0.0669373202943953,0.0675219421671906,0.130035917637712,0.0833682680917981,0.0564790861705017,0.126616012147394,0.119034089097102,0.0498849593040621
0.116720885875436,0.119975130095664,0.0858941299353548,0.0790610023961661,0.0697423981952675,0.119444629153839,0.106212125637884,0.0410739177671277,0.0642958276250122,0.0482092320745262,0.0835349380133225,0.111426745652641,0.0513970139070926,0.176700419943607,0.123064710700308,0.12391758631993,0.0504742179632427,0.104600534073554,0.078182845035974,0.0561791259467024,0.100668466991706,0.0568853757809997,0.062777092833069,0.0703928261203555,0.0856240556935136,0.0762173605736154,0.104863457050397,0.0643570318649961,0.116738463599807,0.0469417216614907
0.0874026791409086,0.126676561045835,0.0701304152614802,0.10705038083713,0.0864360643794691,0.0881763294874837,0.178347845816781,0.0611373650718088,0.0694237426509592,0.137052612304687,0.148917785096408,0.160103742194115,0.0814911507136631,0.0966313849932721,0.111338050886713,0.0818783390752946,0.0940413882417852,0.0606048336424461,0.0807459871611821,0.145141750513504,0.14228357981096,0.0713195950450589,0.0465903274861553,0.0973219706460566,0.143167911574428,0.0880566605913053,0.110306444109343,0.0732293671894724,0.0968825019088415,0.050048671150225
0.0437441941477009,0.0807459871611821,0.0545808174317232,0.0993136234675282,0.0516693887316911,0.0955966064027051,0.0512354651162791,0.0909369382227189,0.0701746916022035,0.132118100861169,0.0844037049459248,0.050385566208212,0.171017418463046,0.106901030660975,0.1013654453667,0.146684012487418,0.133762096121143,0.106442203731046,0.096889405426622,0.0524692580921838,0.149907805508949,0.11744359625286,0.115890717182891,0.160057302104208,0.0702031937918042,0.0786152024825398,0.138852127580177,0.0786908807285617,0.0582567419111061,0.213799296836343
0.100629448738569,0.054151124635405,0.129893690664557,0.059870126562217,0.0786352613100597,0.0585757006129209,0.0782981036677352,0.0715568881910301,0.073215595269556,0.0782833357692682,0.136677880191903,0.173000890990003,0.133135843783174,0.0880650698855809,0.0752930279714979,0.07757300459285,0.0938336452004116,0.0742690395301496,0.0394824918900838,0.114686597950144,0.0599687313877308,0.0914876662466496,0.103328923907003,0.11104167555916,0.0776820482866044,0.108723026873117,0.0782319767533367,0.0709457169172651,0.112436348102557,0.269209985092756
0.064520035961167,0.116757401496054,0.0780413369503412,0.0602502815780772,0.0981551722927432,0.0938055463450165,0.0772496259973404,0.101982247103107,0.0610371883843849,0.0877025162886644,0.0851509166246678,0.0770704871682047,0.18561241019034,0.0831234494434759,0.0574947100808489,0.0898759896833013,0.0572985675736815,0.242337677817635,0.133118648711477,0.0691618789747693,0.0689366735899836,0.0581062461303733,0.095396702028913,0.147992370232746,0.0813734360552473,0.0738496134294206,0.0826872831546002,0.0714233225124231,0.143095389341121,0.0727725216419565
0.0343325097455048,0.0979147152024872,0.0788401818764237,0.125187689988233,0.0736932938521206,0.0977982592922607,0.0959192418521463,0.104668611899539,0.0431456700456964,0.0780006079405176,0.0757195714846101,0.170148541347137,0.0696504192739874,0.0726759461150772,0.179144379861298,0.0624530325802385,0.17339542559332,0.053817100954583,0.0396547065721067,0.0688488051470588,0.073740933544611,0.107100996117122,0.151821026750155,0.107521429934833,0.162616893362579,0.0806679949664429,0.088230674121887,0.0581543357987898,0.102827518069061,0.0947949164066875
0.173992513767783,0.0838453257782692,0.0549537220648138,0.0856531018505429,0.0953771865980518,0.0713496055740895,0.0142789273648649,0.0814139472502484,0.152711635755586,0.049025618508293,0.121543835285318,0.0824127721790311,0.0713650817267666,0.142234582252018,0.059617039818598,0.0773759562350932,0.0830369522169759,0.094509670201143,0.0538499108171231,0.158577383703019,0.0707009312025107,0.161924294262095,0.10165215307322,0.127566363360431,0.104843497288949,0.0762191923890835,0.129835624925798,0.0744148898388263,0.0537477877504582,0.111732278811704
0.132276497053101,0.0823834210308253,0.088877917084496,0.118709840743374,0.110722376725068,0.399397138562126,0.0968370094330105,0.0572406836683593,0.14025607091841,0.139050226641862,0.0944211220389744,0.0517951246076415,0.0901106143185802,0.0911963230282948,0.138688754097546,0.0763351171037861,0.0819017464479026,0.149864558839248,0.175321989604429,0.136316443316879,0.0746996861481172,0.132714984639066,0.139796649579767,0.0596989205730635,0.0842687561948726,0.141808582599905,0.0794506992360769,0.0692483198545987,0.0858188920454546,0.0689585852244544
0.0650904657390974,0.0845644800920475,0.115300425864584,0.0382610166389112,0.0890249958444149,0.0917895767749283,0.040852969984458,0.0903147977941176,0.122417403990964,0.185092920552367,0.131096506145618,0.0949708491795573,0.0753269100774627,0.0844416142264101,0.1530155217986,0.104960901347756,0.0302527609189669,0.0951656533532225,0.0991772061477382,0.0947550404802879,0.0973008551226361,0.0709231722375766,0.0895465010543627,0.160876524227618,0.102442618013883,0.0982135377573451,0.0599976170209294,0.0295904935176125,0.0598561256692211,0.0883829132473622
0.0819852094843462,0.106357353184662,0.0715823994168237,0.0726976016068053,0.0807042628956254,0.11276378175545,0.0325920852245581,0.0895316765241128,0.0539353769036788,0.0705523653930789,0.0964503453884765,0.128273817119232,0.0977984796421162,0.0931759352037408,0.0784222773790844,0.173884177433106,0.0800287828947368,0.0725327684545355,0.139326884013813,0.073394215762778,0.0591645066864151,0.120374294561238,0.0816636228354978,0.0599976170209294,0.0745660046828257,0.0894200036520515,0.048762555316969,0.0841383895317477,0.140958061446438,0.123787753832174
0.0875612082620939,0.0542813789169931,0.0605784978942443,0.0715287539648212,0.0862257349209523,0.0768219715299621,0.0614179094761424,0.0809057798929901,0.0772582485432031,0.0627231701189286,0.0712805413390546,0.0348533720996074,0.0572833639970275,0.0799976747927917,0.0734412180564327,0.0517390758238586,0.0758616853778751,0.12317266821355,0.0742641104174139,0.0796795615667029,0.0317074325189896,0.0892939782303371,0.075494783034615,0.109435814903598,0.0901654633678506,0.0662194487818251,0.0348428258793049,0.076902019057464,0.0807194965453417,0.0724734853459922
0.0732311369813623,0.0635292005134753,0.0734047948024459,0.0946192829901219,0.075307472912781,0.0664500356430498,0.0348428258793049,0.0954717683836307,0.0541231543205007,0.108551537298387,0.0662563225525808,0.0703932436297325,0.0647940139042779,0.0552843373816359,0.0859755894583743,0.148428687047845,0.113811982286032,0.0591635541205035,0.0915837919580942,0.0945822348623613,0.061933607654073,0.0826997716573565,0.0903364321142009,0.053157296561919,0.0854634048408217,0.0745235916356781,0.0892830093357344,0.0327036635919612,0.104606774627367,0.120462476526132
0.0982501907332222,0.049140377472598,0.0744171696495302,0.104444406107334,0.0733109425179101,0.0629163656889144,0.0731100313641503,0.0932032338091922,0.085503279275854,0.114924456472404,0.0485785655959948,0.131279151990192,0.118876191157444,0.1128376400378,0.0883937270932273,0.0634800604444806,0.0807251137197591,0.0670940955027947,0.0882349987091131,0.0773179977626763,0.128159750823723,0.105558908384362,0.0978496087379037,0.0637313712707492,0.0934058779761905,0.0981682123267898,0.0614825445538385,0.104188602521441,0.0946192829901219,0.0700546414154669
0.0613980110111663,0.120103541950043,0.124878403534637,0.075584614264955,0.08543793860605,0.0439260997501315,0.0818649333666602,0.0575881138689527,0.0767358833604031,0.0564614922337278,0.0584171448764598,0.0751989242532006,0.0489589122470738,0.0729933865407674,0.0670940955027947,0.080275636403106,0.121010865000861,0.0794759698816248,0.107455172871625,0.0526070047309447,0.1062880732525,0.0477727175260443,0.0987897248151154,0.0302003126782368,0.0832185616942265,0.0767362401956496,0.0855894069046916,0.0810487694747196,0.0897414573131786,0.0451048135053069
0.0399505713996764,0.106329125436554,0.0586600764425732,0.076445468282652,0.0582488499796306,0.0569459195131022,0.0793017593516865,0.105349024819894,0.108527563272497,0.113729774656995,0.0952154229685647,0.0646391991161013,0.160067987626795,0.0530973669772168,0.0644346111903364,0.0921982043531483,0.0985592027673232,0.0777533247449511,0.0879451384052925,0.133876870746262,0.0826307131562473,0.0929391994472536,0.0394733291125945,0.11072503017323,0.0345034857020474,0.0430289298459396,0.0490819823267465,0.0875859943557724,0.120103541950043,0.0853500284496608
0.107973433911991,0.0833934996370003,0.0539832181330043,0.147740632024133,0.055870469015571,0.0602792503828129,0.0452785269181984,0.0303342607916791,0.0773640981144501,0.065674487005657,0.0649047621629325,0.0180360904264875,0.0206330198661133,0.077859112394958,0.0418294837350621,0.0567273445620047,0.109315720868298,0.0549023621931067,0.0762539208951091,0.0732410880769772,0.0692902843076377,0.0940145620588677,0.0539629762201195,0.0730922953630732,0.0487722869606459,0.0911090300282476,0.0524538457197965,0.082843309646266,0.0812974754065771,0.0696300314584597
0.0900172982995658,0.0686367663085534,0.0376992831062953,0.0571845804968134,0.0697102383991552,0.076692942666315,0.0973384070192605,0.0730092974575235,0.100589658154975,0.0315894953944457,0.0368412969427874,0.0671400357891061,0.0875687638128183,0.0638860479257101,0.183694375705114,0.0793548165691528,0.0283181560837599,0.0702515214101599,0.0547268420101451,0.0418294837350621,0.0497277349135645,0.0762539208951091,0.0462634483754424,0.0484713551431986,0.0635949574718988,0.0647272658832735,0.103631802113783,0.0746010289152137,0.0810531621318197,0.0627257991596548
0.091436921122392,0.037982220249276,0.0459560284229829,0.115682519095077,0.0686126748950389,0.0844493565223029,0.0795407035577333,0.0989125983842757,0.0366325198600589,0.0616547042277954,0.0583470331671779,0.0831671136091924,0.0462674116499767,0.0266520735597407,0.0786578556024268,0.0783385359216844,0.095953489891393,0.0875687638128183,0.0574196196593533,0.0746571254244482,0.093828854761287,0.0792963090907659,0.120473952145108,0.0767091844902664,0.0871286222738288,0.0356835370437578,0.0626411473356856,0.0730092974575235,0.0728200087178752,0.0769967749656324
0.0398071226601143,0.0591141928262223,0.0467353430120722,0.0458417122865215,0.0731617635216966,0.0711194406605487,0.0337912503559901,0.0799153645833333,0.118313100912727,0.0796677043178827,0.0730984836515434,0.0393025652962442,0.0628590543865159,0.0727870892920459,0.0726713582108807,0.0776216693384526,0.0815674349691688,0.126582112307154,0.0390641257616368,0.09512648617838,0.0601016682093011,0.0682036561341162,0.0735487343265879,0.0769967749656324,0.0867292941776522,0.0554867255210483,0.08998447995115,0.0497518836042931,0.0647894793317485,0.0376157147666068
0.0564485510561827,0.0828759471888015,0.0970346153051669,0.0860652803018331,0.0807757089596055,0.0379175576513103,0.0796677043178827,0.0562821226845355,0.060064665858169,0.0618714459561457,0.0381818872609627,0.0351083516661858,0.0714390918154627,0.0337561710605453,0.0550378582915284,0.100309906771847,0.0922896946760525,0.0950747035593083,0.0360158107171157,0.0558233522799677,0.0366623504737724,0.0822334289550781,0.0556484963267651,0.0828497892246945,0.0606497951583694,0.0467636352837361,0.0698149035311845,0.0792265834825425,0.0379933988250445,0.0423719108633281
0.0630285292718431,0.0404864816673711,0.0631416136660144,0.0548173329850101,0.051253269267684,0.0369354508573742,0.107243804269175,0.0798801425378372,0.0451601278753027,0.0400397322959534,0.121041210401734,0.0246910113687954,0.0484425806653327,0.0956589992191567,0.0866212719377221,0.0819037801325444,0.0416851317508711,0.0536550238464684,0.0464899792558887,0.0700490118432596,0.0593809629418854,0.0714761063929669,0.0557522885006581,0.05538567896239,0.0850872637666993,0.113448652308445,0.0606732944639914,0.0649153223290065,0.039034856480734,0.101787953388833
0.0818377256534259,0.0367190304199569,0.0402616104989682,0.0578990046570285,0.0264076563648053,0.0668097247623669,0.0528716945229127,0.0778162719080688,0.0855542892641455,0.0593903208527019,0.082615687758417,0.0411675011853751,0.0289206593226569,0.0247451811180621,0.0581460346727704,0.066808046761044,0.053447906591849,0.053713077957873,0.049070876228122,0.0458181263008788,0.037769621306203,0.0400397322959534,0.0835822159695764,0.0805337329674734,0.0799949824177282,0.0459762623813649,0.0296051480876866,0.0456126292883498,0.0504858582537704,0.0341517326354289
0.0535410667503095,0.0448489508539337,0.0601511152435366,0.126930469551077,0.0453447932723511,0.0620814880351641,0.0622465616777455,0.035968870835812,0.0430951748169147,0.0296051480876866,0.096962966640802,0.0491370365246265,0.145678008840251,0.0280517194557639,0.0836229929373787,0.0607404051603786,0.0358496850775194,0.0192426807484256,0.086293610105064,0.0771563614150479,0.0616477975657461,0.0560998602716283,0.0620682050521039,0.093014567371848,0.0548987405792097,0.0920277732834073,0.0409503279196728,0.0549396976968486,0.0730096549775544,0.0298079434386919
0.0676649100244402,0.0535121984649123,0.0535410667503095,0.0424041653798641,0.0569501191381125,0.0771165344943345,0.0578145088242169,0.0284626666764568,0.0911390657484407,0.0532795077758216,0.0983870895682425,0.0477559479442727,0.0542393782911234,0.106207525214136,0.05931495161504,0.0467810570987654,0.04860412449796,0.0493058037878054,0.0666983352755406,0.0500456632701693,0.0912429648001526,0.112439752611349,0.0667547025424053,0.0952560438357347,0.0450954321694889,0.109232059117466,0.0933699570749045,0.0285082067281606,0.094208792275394,0.0477576518953504
0.0467810570987654,0.0702878600714886,0.0477559479442727,0.0332313539952165,0.085372422782632,0.0771701356309113,0.0980242088265012,0.0444318389207098,0.0738542203134197,0.0626268541038641,0.0455512448063466,0.100200785613699,0.05931495161504,0.0684289587681733,0.0571141291775528,0.0952560438357347,0.0467049239517806,0.0904470697138252,0.0470779614191547,0.0556888591908638,0.0686935920577617,0.0911705280172414,0.0393958874803845,0.0746487902273204,0.0776796865734701,0.0515834427058893,0.0457000970964695,0.0541744447635459,0.0736882011749867,0.0624747631097233
